video_id,actual_title,title,channel,upload_date,library_category,youtube_category,transcript_available,transcript_characters,video_duration_seconds,video_type
-9t8G3r8HrA,5 Brands That Fooled Us with their Cheap Marketing (Shocking Reality),5 Brand Marketing Campaigns Critiqued for Misleading Consumer Messaging,Fit Tuber,2020-04-24,Howto & Style,Howto & Style,True,13184,0.0,full_youtube_video
-QPF6OezA0Y,How to Detox Your Body in 10 Minutes (MY DETOX SECRET),Oil Pulling in 10–20 Minutes: Coconut or Sesame Oil for Oral Care and Claimed Detox Benefits,Fit Tuber,2018-12-28,Howto & Style,Howto & Style,True,6877,0.0,full_youtube_video
-Re6Mk--uxw,TRICEP WORKOUT - Workout at Home | Episode 2 - TRICEPS | Without Equipment,No-Equipment Triceps Workout at Home,Fit Tuber,2016-11-22,Sports,Sports,True,140,0.0,full_youtube_video
-X5j5EBLNv8,7 Healthy & Easy Restaurant Style Recipes You Must Try (Vegetarian) | Fit Tuber,"7 Homemade Restaurant-Style Vegetarian Treats: Momos, Thai Green Curry, Pizza, Honey Chili Potato, Paneer Sandwich, Past",Fit Tuber,2020-03-06,Howto & Style,Howto & Style,True,14241,0.0,full_youtube_video
-fYoE_jIbNU,Veg vs Non Veg | Which is Better? (or Vegan?),"Vegetarian vs Non-Vegetarian vs Vegan Diets: Protein, Health, Ayurveda and Ethics",Fit Tuber,2020-02-21,Howto & Style,Howto & Style,True,8565,0.0,full_youtube_video
-wJpoCmMcCY,Don't Buy AI Tools! Use These 8 FREE Google Alternatives Instead,"8 Free Google AI Tools for Learning, Research, App Building, Automation, Design and Filmmaking",WsCube Tech,2026-08-01,Education,Education,True,14270,0.0,full_youtube_video
055dZcV9nLs,5 Natural Sunscreens in India in Budget (Not Sponsored) ft @beyounick,"Budget Sunscreens in India: Aroma Magic, Svarasya, The Moms Co. Plus Karanja and Wheat-Germ Oil Claims",Fit Tuber,2021-03-19,Howto & Style,Howto & Style,True,11860,0.0,full_youtube_video
09W4jwgSHzI,5 Amazing Dabur Products You Should Try - NOT SPONSORED,"5 Dabur Products Reviewed: Hajmola, Badam Tail, Lal Dant Manjan, Ashwagandha Lehya and Chyawanprash",Fit Tuber,2018-09-21,Howto & Style,Howto & Style,True,8245,0.0,full_youtube_video
0FdtR6dRyBw,"How to Look Younger for your age? (Hair fall, Pigmentation, Dark Circles, Body pain and more)","Castor Oil Uses for Hair, Skin, Pain and Constipation: Useful Topical Ideas with Major Evidence Limits",Fit Tuber,2023-01-13,Howto & Style,Howto & Style,True,9151,0.0,full_youtube_video
0HgLywUBhzI,15 Instant Hair Colours in India Ranked from Worst To Best,15 Instant Hair Colours in India Ranked by Ingredients — Historical 2018 Review,Fit Tuber,2018-07-13,Howto & Style,Howto & Style,True,5767,0.0,full_youtube_video
0ZnNOVzYY3Q,"5 Proven Ways to Reduce Stomach Gas, Acidity & IBS","IBS Food Triggers and Alternatives: Wheat, Raw Foods, Legumes, Dairy, Millets, Bananas and Moong Dal",Fit Tuber,2025-10-31,Howto & Style,Howto & Style,True,17890,0.0,full_youtube_video
0aBAqHcHpu8,Do This to Clear Your Stomach Every Morning,"Constipation Routine: Warm Fluids, Psyllium, Fiber, Better Toilet Posture, Figs, Walking and Earlier Dinner",Fit Tuber,2025-08-08,Howto & Style,Howto & Style,True,19978,0.0,full_youtube_video
0mrrZYTvQ44,Homemade Peanut Butter Recipe   Easy|Healthy|Tasty,"Homemade Peanut Butter with Roasted Peanuts, Flaxseed and Cinnamon",Fit Tuber,2016-08-22,Howto & Style,Howto & Style,True,1840,0.0,full_youtube_video
110G3GvaZns,7 Quick & Healthy Evening Snacks For the Week (Vegetarian),7 Quick & Healthy Evening Snacks For the Week (Vegetarian),Fit Tuber,2019-08-09,Howto & Style,Howto & Style,False,0,0.0,full_youtube_video
11vCt2JtHeE,12 Weight Loss Tips Ranked from Worst to Best,"12 Weight-Loss Tips Ranked: Avoid Spot Reduction and Fat Burners; Prioritize Balanced Meals, Whole Foods and Mindful Eat",Fit Tuber,2018-06-29,Howto & Style,Howto & Style,True,9850,0.0,full_youtube_video
1FU6KwaSw0E,How to Fix Your Body Posture (No More Slouching!),"Posture Guide: Rounded Shoulders, Pelvic Tilt, Forward Head, Desk Setup and Sleep Position",Fit Tuber,2021-04-30,Howto & Style,Howto & Style,True,10362,0.0,full_youtube_video
1Zgnl189KcM,Soak and Eat These 4 Things Every Morning 🔥,"Soak Almonds, Walnuts, Figs and Raisins Overnight: Morning Routine and Claimed Benefits",Fit Tuber,2024-04-05,Howto & Style,Howto & Style,True,13376,0.0,full_youtube_video
1kDDmIWz15g,BACK WORKOUT - Workout at Home | Episode 6 - BACK | Without Equipment,No-Equipment Back Workout at Home,Fit Tuber,2016-12-15,Sports,Sports,False,0,0.0,full_youtube_video
1kIVVEeivy0,"How to Remove Dark Spots and Get Clear Skin? (Pigmentation, Dark Underarms, Acne scars & more)","Alum for Dark Spots and Skin Concerns: Uses, Method and Important Irritation Limits",Fit Tuber,2023-07-14,Howto & Style,Howto & Style,True,9015,0.0,full_youtube_video
1rb-RuJjyGo,DANDRUFF - The Permanent Solution Naturally at Home  (Men & Women),DANDRUFF - The Permanent Solution Naturally at Home  (Men & Women),Fit Tuber,2019-01-25,Howto & Style,Howto & Style,False,0,0.0,full_youtube_video
1tjf8ULIWzM,The Entire Targaryen Family Tree Explained,"The Targaryen Dynasty from Valyria to Daenerys: Conquest, Dance, Blackfyres and the Fall of the Iron Throne",Elemair,2026-04-08,People & Blogs,People & Blogs,True,23986,0.0,full_youtube_video
2-QNs0K8jqs,TOP 5 Foods to GET PREGNANT FAST Naturally,"Trying to Conceive: Whole-Food Nutrition, Fertile-Window Timing and Ayurvedic Preconception Practices",Fit Tuber,2024-07-26,Howto & Style,Howto & Style,True,11208,0.0,full_youtube_video
2e-Z0-hjq8Y,5 Amazing Benefits of Vitamin E,"Vitamin E: Food Sources, Supplement Safety and Claims for Skin, Heart, Liver and Muscle Health",Fit Tuber,2024-08-23,Howto & Style,Howto & Style,True,9936,0.0,full_youtube_video
2ruV2AQrCSw,5 Amazing Hair Oils in India under Rs 249 that You Should Try (Not Sponsored),Budget Hair Oils in India Under ₹249: Ingredient-Label Review with Ayurvedic Options,Fit Tuber,2021-08-13,Howto & Style,Howto & Style,True,5742,0.0,full_youtube_video
31bZOIk53_I,FREE Unlimited AI Voices | Better Than ElevenLabs (Microsoft Banned It),Run a Free Local AI Voice Generator and Clone Your Own Voice,Helena Liu,2026-08-05,Education,Education,True,10012,0.0,full_youtube_video
34F9MqgQhxg,7 Wrong Food Combinations That You Must Avoid,7 Food Combinations to Avoid According to Ayurveda — With Alternative Pairings,Fit Tuber,2023-02-24,Howto & Style,Howto & Style,True,7250,0.0,full_youtube_video
3IYM8K9ZtWw,How to Get Rid of Toxic Waste Inside the Body?,Ayurvedic Full-Day 'Detox' Meal Plan: Balanced Foods Without a Fad Cleanse,Fit Tuber,2023-08-11,Howto & Style,Howto & Style,True,8481,0.0,full_youtube_video
3QDxwMk0FRQ,How to Improve Eyesight in 5 Steps,How to Improve Eyesight in 5 Steps,Fit Tuber,2019-12-06,Howto & Style,Howto & Style,False,0,0.0,full_youtube_video
3QtWquq6yEA,Do This to Fulfill Vitamin D & B12 Naturally,"Vitamin D, B12, Zinc, Folate and Magnesium: Deficiency Signs, Food Sources and Supplement Cautions",Fit Tuber,2025-09-19,Howto & Style,Howto & Style,True,18328,0.0,full_youtube_video
3TDm3fmgk3I,10 Superfoods You Should Be Eating To Lose Visceral Fat,"10 Foods to Support Visceral-Fat Loss Through Higher Protein, Fiber and Satiety",Doctor Mike Diamonds,2026-06-22,Education,Education,True,19176,0.0,full_youtube_video
3_h29kEU7dE,5 Toxin Free Shampoos in India (for Long & Healthy Hair),"5 Indian Shampoos Reviewed: Juicy Chemistry, Vilvah, Just Herbs, The Moms Co and Rustic Art",Fit Tuber,2018-04-27,Howto & Style,Howto & Style,True,4730,0.0,full_youtube_video
3i_Xl-JYx_Q,How to Detox Your Body at Home Once in 15 Days? (The Most Effective Way),"One-Day Fasting as a Body Reset: Benefits, Ekadashi Timing, Hydration and Breaking the Fast",Fit Tuber,2020-10-09,Howto & Style,Howto & Style,True,8663,0.0,full_youtube_video
3sZ_a6BL8aE,LOWEST BUDGET DIET PLAN  for COLLEGE/HOSTEL STUDENTS - Indian Bodybuilding Diet,"Low-Budget Hostel Muscle-Building Diet: Oats, Eggs, Chana, Peanuts, Dal, Paneer, Bananas and Milk",Fit Tuber,2017-07-28,Howto & Style,Howto & Style,True,6285,0.0,full_youtube_video
4-H-2Szx03Y,AEGON THE CONQUEROR — PART 2: STONE DOES NOT BURN,AEGON THE CONQUEROR — PART 2: STONE DOES NOT BURN,Black Raven | Westeros,2026-03-17,Film & Animation,Film & Animation,False,0,0.0,full_youtube_video
4Ddo_rQIC8g,Healthy Palak Paneer Recipe| High Protein Indian style,"Oil-Free Palak Paneer with Spinach, Paneer and Cashews",Fit Tuber,2016-08-29,Howto & Style,Howto & Style,True,2163,0.0,full_youtube_video
4V2-onCssQQ,Add 1 spoon of this Ayurvedic Herb to Tea and See the difference 🫀☕,Ayurvedic Herb in Tea: Traditional Ways to Modify Chai and Reduce Its Claimed Downsides,Fit Tuber,2021-07-30,Howto & Style,Howto & Style,True,8902,0.0,full_youtube_video
4Wd7xjCvUq0,10 Skin Care Habits Ranked from Worst to Best,"10 Skin-Care Habits Ranked from Worst to Best for Clearer, Healthier Skin",Fit Tuber,2018-08-10,Howto & Style,Howto & Style,True,5582,0.0,full_youtube_video
4aGAPBS5AmM,Roberts Rebellion | Before Game Of Thrones | Documentary Style Part 1 and 2,"Robert's Rebellion Part 1: Harrenhal, Stark Executions, Gulltown, Ashford, Battle of the Bells and Siege of Storm's End",Half-a-hamburger ,2026-07-30,People & Blogs,People & Blogs,True,18842,0.0,full_youtube_video
4nvkTCfYxBo,Isha Koppikar Just DESTROYED CJP's Protest Politics! #shorts,Isha Koppikar and a Protest-Politics Dispute,varun upasani,2026-08-10,People & Blogs,People & Blogs,True,1252,0.0,full_youtube_video
4qqFLcoe3yQ,"Drink this Daily for 21 Days, the Result Will Amaze You","Hot Water Daily: Hydration, Digestion and Comfort Claims—With Cautions on Exaggerated Fat-Loss, Heart and Kidney Benefit",Fit Tuber,2023-11-17,Howto & Style,Howto & Style,True,10575,0.0,full_youtube_video
4sOMfEAqzEg,5 Reasons You Are Drinking Water the Wrong Way,"5 Water-Drinking Mistakes: Meal Timing, Gulping, Chilled Water, Overhydration and Standing",Fit Tuber,2018-11-02,Howto & Style,Howto & Style,True,8162,0.0,full_youtube_video
4tj5I3NsLjE,5 Natural Face Washes in India Under Rs 299 (My Honest Picks),"5 Natural Face Washes in India Under ₹299: Powder, Charcoal, Kumkumadi Bar and Neem-Tulsi Concentrate",Fit Tuber,2019-07-05,Howto & Style,Howto & Style,True,7293,0.0,full_youtube_video
4yCvXX-fC3c,How to Reverse Your Liver Damage? (Early Signs & 3 Best Herbs),"Fatty Liver: Whole-Food Diet, Weight Loss, Exercise, Intermittent Fasting and Unproven Herbal Remedies",Fit Tuber,2025-11-28,Howto & Style,Howto & Style,True,20439,0.0,full_youtube_video
5qgREntrTXs,Packaged Curd vs Homemade Curd - Which Curd is the Best?,"Packaged vs Homemade Curd: Ingredients, Cultures, Milk Choice and a Simple Homemade Method",Fit Tuber,2023-07-28,Howto & Style,Howto & Style,True,9332,0.0,full_youtube_video
5vCeJpPnBnM,21 Amazing Hacks That Make Healthy Lifestyle Easier (THAT ACTUALLY WORK!),"21 Practical Hacks to Make Healthy Eating, Exercise and Daily Routines Easier",Fit Tuber,2020-08-07,Howto & Style,Howto & Style,True,2844,0.0,full_youtube_video
5xjGq6lL4BA,This Simple Trick will help you Lose Weight in 7 days,"Low-Calorie Vegetable Soup with Onion, Cabbage, Carrot, Capsicum, Tomato and Lemon for a Weight-Loss Diet",Fit Tuber,2017-10-13,Howto & Style,Howto & Style,True,6388,0.0,full_youtube_video
65A_lShqZA8,7 Reasons You Are Eating Curd the Wrong Way,"7 Curd 'Mistakes' Reviewed: Salt, Nighttime Eating, Raita, Heating, Daily Use and Homemade Curd",Fit Tuber,2019-10-25,Howto & Style,Howto & Style,True,10871,0.0,full_youtube_video
6C3kt88ECSo,How to Stop Hair Fall and Grow Hair Faster Naturally (Men & Women),"Hair-Fall Basics: Heat, Tight Hairstyles, Stress, Nutrition, DHT and Scalp Care",Fit Tuber,2017-08-25,Howto & Style,Howto & Style,True,5503,0.0,full_youtube_video
6YXPuEL-ti4,5 Poisonous Foods That Can Kill You,"5 Foods That Can Become Dangerous Through Toxins, Contamination or Improper Preparation",Fit Tuber,2023-06-30,Howto & Style,Howto & Style,True,7970,0.0,full_youtube_video
6ZUFT0CwU1w,The Only Diet Plan That Ayurveda Recommends (Men & Women),"Ayurvedic Diet Principles: Fresh Food, Meal Timing, Digestion and Individual Constitution",Fit Tuber,2020-01-10,Howto & Style,Howto & Style,True,11474,0.0,full_youtube_video
6rVeXkayn8Q,5 Clothing Mistakes You Must Avoid (Unhealthy),"5 Clothing Mistakes to Avoid: Synthetic Fibres, Tight Clothes, Unnecessary Masking, Wrong Undergarments and Heavy Handba",Fit Tuber,2022-05-20,Howto & Style,Howto & Style,True,10188,0.0,full_youtube_video
6saouOhPhMU,This Budget Meal will make you Gain Weight in just 5 days - NO COOKING,"No-Cook Weight-Gain Bowl: Oats, Curd, Banana, Dates and Peanuts",Fit Tuber,2017-11-03,Howto & Style,Howto & Style,True,6747,0.0,full_youtube_video
6vgcPkuQOpU,How to Breathe Fresher Air Instantly in 3 Simple Steps (Air Pollution),"Air Pollution: Areca Palm, Snake Plant, Money Plant, PM2.5 Masks and HEPA Air Purifiers",Fit Tuber,2019-06-28,Howto & Style,Howto & Style,True,8297,0.0,full_youtube_video
6xvL8oGcF_o,7 Amazing Products Every Woman Should Carry in Her Bag,"7 Useful Handbag Items for Women: Female Urination Device, Self-Defense Spray, Panty Liner, Digestive Aid, Wipes, Health",Fit Tuber,2025-09-05,Howto & Style,Howto & Style,True,15652,0.0,full_youtube_video
70zlJUqOwnQ,5 ancient methods that fixed my broken body fast,"5 Ancient Movement and Recovery Methods for Mobility, Strength and Injury Resilience",Liam Zollo,2026-07-28,Education,Education,True,4093,0.0,full_youtube_video
7ArZ9GK4AIQ,How to Sleep Fast and Increase Sleep Quality?,How to Sleep Fast and Increase Sleep Quality?,Fit Tuber,2017-09-29,Howto & Style,Howto & Style,False,0,0.0,full_youtube_video
7F6PRVqNna8,Cure Constipation Permanently in 5 Steps (Effective Ayurvedic Routine),"Constipation Routine Reviewed: Toilet Posture, Fiber, Flaxseed, Ayurvedic Tonics and Castor Oil",Fit Tuber,2021-02-05,Howto & Style,Howto & Style,True,9999,0.0,full_youtube_video
7RW1u-TddDU,दुनिया का सबसे अच्छा अनाज | गेहूं की जगह अब ये इस्तेमाल करे | The Best Grain In The World,"Indian Grains Compared: Wheat, Rice, Oats, Desi Wheat, Red Rice, Ragi, Barley, Bajra, Jowar and Millets",Fit Tuber,2026-02-06,Howto & Style,Howto & Style,True,18017,0.0,full_youtube_video
7YwsUAcMX60,How to Cleanse Your Liver Naturally?,"Liver Cleanse Claims: Sugarcane Juice, Bhringrajasava, Kutki and Supportive Foods",Fit Tuber,2021-09-10,Howto & Style,Howto & Style,True,8182,0.0,full_youtube_video
7aV8kApDiGE,6 Reasons You Are Bathing the Wrong Way,6 Reasons You Are Bathing the Wrong Way,Fit Tuber,2019-01-18,Howto & Style,Howto & Style,False,0,0.0,full_youtube_video
7j_XpLlh3GE,30 Breakfast Products in India Ranked from Worst to Best (2026),30 Breakfast Products in India Ranked from Worst to Best — 2026 Ingredient and Nutrition Review,Fit Tuber,2026-06-12,Howto & Style,Howto & Style,True,19980,0.0,full_youtube_video
7q9n2vzTLzU,How to Stop Nightfall Permanently,How to Stop Nightfall Permanently,Fit Tuber,2019-08-23,Howto & Style,Howto & Style,False,0,0.0,full_youtube_video
7xsxMUFgNt8,How to Get Long & Thick Hair? (4 Best Things for Hair),"4 Natural Hair-Care Staples: Bhringraj, Reetha, Castor Oil and Curry Leaves",Fit Tuber,2024-06-14,Howto & Style,Howto & Style,True,12690,0.0,full_youtube_video
8Pen8O8RrzQ,"5 Natural Shampoos You Must Try (Hair fall, Grey hair, Dandruff)","5 DIY Natural Shampoos for Dry Hair, Oily Scalp, Hair Fall/Greying, Dandruff and Gentle Conditioning",Fit Tuber,2026-07-10,Howto & Style,Howto & Style,True,17826,0.0,full_youtube_video
8SJhgzx5DVM,6 Must Try Products Under Rs 499 That Make Healthy Lifestyle Easier,6 Health-Lifestyle Products Under ₹499 Reviewed for Practical Everyday Use,Fit Tuber,2021-11-19,Howto & Style,Howto & Style,True,9417,0.0,full_youtube_video
8ToYJycXw0I,The Truth about Mosquito Repellents in India (WITH SOLUTION),Mosquito Repellents in India: Chemical-Exposure Concerns and Natural Alternatives,Fit Tuber,2018-09-28,Howto & Style,Howto & Style,True,5506,0.0,full_youtube_video
8enq8pzdQI0,ULTIMATE Night Time Routine for Fast & Deep Sleep (and to Wake up Energetic the Next day),"Night Routine for Faster, Deeper Sleep and Better Morning Energy",Fit Tuber,2021-01-08,Howto & Style,Howto & Style,True,7512,0.0,full_youtube_video
8hFr16_3cuI,6 Easy ways to stop cravings | Try this 30 second Trick,"6 Ways to Manage Food Cravings: Water, Protein, Regular Meals, Sleep, Stress Control and Healthy Alternatives",Fit Tuber,2016-09-27,Howto & Style,Howto & Style,True,4760,0.0,full_youtube_video
8mgtXYMPWV4,The Moment Robert Baratheon First Saw Lyanna Stark#shorts  #gameofthrones#robertbaratheon,The Moment Robert Baratheon First Saw Lyanna Stark,Black Raven | Westeros,2026-05-08,Film & Animation,Film & Animation,True,424,0.0,full_youtube_video
8zl7lF4Mb5E,Do This & Your Body Will Eat Its Own Diseases,"Early Dinner, Overnight Fasting and Autophagy: The Video's Body-Repair Routine",Fit Tuber,2025-07-25,Howto & Style,Howto & Style,True,16949,0.0,full_youtube_video
92MmoC7mtSc,Oil your Navel for 21 days & Results will Surprise You,"Navel Oiling for 21 Days: Ayurvedic Practice, Claimed Benefits, Method and Cautions",Fit Tuber,2024-02-09,Howto & Style,Howto & Style,True,7610,0.0,full_youtube_video
9BQ40Q8l7ek,Lose Love Handles in FOREVER (Men & Women) | FASTEST WAY,"Love Handles: Calorie Deficit, 5 Core Exercises and Sleep—Without the Spot-Reduction Myth",Fit Tuber,2017-10-06,Howto & Style,Howto & Style,True,5041,0.0,full_youtube_video
9JSHsY0-2-M,LEG WORKOUT - Workout At Home | Episode 3 - LEGS | Without Equipment,No-Equipment Leg Workout at Home,Fit Tuber,2016-11-25,Sports,Sports,False,0,0.0,full_youtube_video
9g3cF-DIY_c,Most Effective Sun Tan Removal Home Remedy (My De Tan Secret),Sun-Tan Home Remedy: DIY De-Tan Routine and Its Limits,Fit Tuber,2019-04-05,Howto & Style,Howto & Style,True,4663,0.0,full_youtube_video
9lrdgOiWmdA,How to Clear Excess Throat Mucus?,"Excess Throat Mucus: Curd, Banana, Bread, Rice and Chocolate Plus Hot Water, Onion, Licorice and Ginger-Honey Remedies",Fit Tuber,2024-10-18,Howto & Style,Howto & Style,True,11222,0.0,full_youtube_video
9sYLPCmOyQI,Increase Height in 4 Steps (Effective Ayurvedic Routine),"Height Growth Routine: Nutrition, Sleep, Exercise, Posture and Ayurvedic Claims",Fit Tuber,2020-09-25,Howto & Style,Howto & Style,True,10757,0.0,full_youtube_video
9vPN-xBfNC8,"Ultimate Ayurvedic Mind Test in 5 Mins (Satvik, Rajasic, Tamasic Explained)","Ayurvedic Mind Types Explained: Sattvic, Rajasic and Tamasic Gunas as a Traditional Self-Reflection Framework",Fit Tuber,2020-08-28,Howto & Style,Howto & Style,True,8003,0.0,full_youtube_video
A-VJ4_6Y9Cc,7 Healthy New Year 2024 Resolution Ideas for the LAZIEST,"7 Small, Specific Health Resolutions for Easier Long-Term Adherence",Fit Tuber,2016-12-27,Howto & Style,Howto & Style,True,3544,0.0,full_youtube_video
AJz18CVg9Ww,How to Actually Get Over Porn Addiction (5 STEPS) ft. @SalilJamdarCo,5 Steps the Video Recommends for Reducing Problematic Porn Use,Fit Tuber,2020-06-05,Howto & Style,Howto & Style,True,3977,0.0,full_youtube_video
AKGDDwnVAHg,ये 10 Patanjali Products आपके पसंदीदा Expensive Brands से कहीं बेहतर हैं,"10 Patanjali Products Reviewed: Shilajit Vati, Kant Lep, Eye Drops, Gonail, Arjuna Bark, Divya Oil, Divya Dhara, Dishwas",Fit Tuber,2026-01-09,Howto & Style,Howto & Style,True,17668,0.0,full_youtube_video
ANvmzG8YFtA,5 Healthy Habits of a Genius,5 Practical Habits for Smarter Health and Fitness Decisions,Fit Tuber,2018-12-07,Howto & Style,Howto & Style,True,8242,0.0,full_youtube_video
AQv0tS8Qw80,"Why Should I NO FAP? (Also Women?, How long? Sex after Marriage?)","Why Should I NO FAP? (Also Women?, How long? Sex after Marriage?)",Fit Tuber,2019-10-18,Howto & Style,Howto & Style,False,0,0.0,full_youtube_video
ATVyyg74Owc,How to Boost S*x Power Naturally? (Best Foods & Practices),"Sexual Vitality Claims: Saffron Milk, Shilajit, Ashwagandha, Shatavari, Safed Musli, Kaunch Seed, Food and Exercise",Fit Tuber,2022-12-02,Howto & Style,Howto & Style,True,8132,0.0,full_youtube_video
AeNU-BqwWvE,21 Amazing Daily Hacks for Healthy Life that Actually Work,"21 Daily Health Hacks for Easier Food, Fitness and Routine Choices",Fit Tuber,2020-11-27,Howto & Style,Howto & Style,True,8599,0.0,full_youtube_video
AxMQw7Q9ou0,15 Instant Noodles in India Ranked from Worst to Best,15 Instant Noodles in India Ranked by Ingredients — Historical 2018 Review,Fit Tuber,2018-05-25,Howto & Style,Howto & Style,True,6050,0.0,full_youtube_video
AzV3EA-1-yM,20 Min Full Body Workout Routine for Beginners (Follow Along) | No Gym,"20-Minute Beginner Full-Body Home Workout: Warm-Up, Strength, Dumbbells and Core",Fit Tuber,2020-09-18,Howto & Style,Howto & Style,True,14020,0.0,full_youtube_video
BCuD36zzimU,Which are the Best Chips in India?,5 Healthier Crunchy Snack Alternatives to Popular Chips in India,Fit Tuber,2024-03-22,Howto & Style,Howto & Style,True,12263,0.0,full_youtube_video
BEzASBGeEIM,7 Healthy & Tasty Dinner Ideas for the Week (Vegetarian),"7 Quick Vegetarian Dinners: Palak Paneer Pulao, Kathi Roll, Corn Soup, Soya Biryani, Dal Dhokli, Millet Khichdi and Oats",Fit Tuber,2019-12-20,Howto & Style,Howto & Style,True,10676,0.0,full_youtube_video
BHgT6Fk-pRY,15 Sunscreens in India Ranked from Worst to Best,15 Sunscreens in India Ranked from Worst to Best,Fit Tuber,2018-03-09,Howto & Style,Howto & Style,False,0,0.0,full_youtube_video
BNDrajnXIko,ULTIMATE Hair Care Routine to Stop Hair Fall & Hair Thinning Permanently (Men & Women),"3-Step Ayurvedic Hair-Fall Routine: Curry Leaves, Buttermilk Scalp Wash and Amal Ki Rasayan",Fit Tuber,2019-07-19,Howto & Style,Howto & Style,True,6709,0.0,full_youtube_video
BPHMxr51VQE,WEIGHT LOSS MISTAKES - How to Lose Weight Fast?,"5 Common Weight-Loss Mistakes: Scale Obsession, Cardio-Only Training, Underestimating Calories, Extreme Changes and Star",Fit Tuber,2017-09-01,Howto & Style,Howto & Style,True,5235,0.0,full_youtube_video
BbWmzx8JpAY,5 Mistakes that you might be doing in Gym | Workout Tips,"5 Gym Mistakes: Skipping Warm-Up, Never Progressing, Wasting Rest Time, Ignoring Legs and Poor Hydration",Fit Tuber,2016-09-14,Howto & Style,Howto & Style,True,3323,0.0,full_youtube_video
BcRz4VIxQeo,CHEST WORKOUT - Workout at Home | Episode 1 - CHEST | Without Equipment,No-Equipment Chest Workout at Home,Fit Tuber,2016-11-20,Sports,Sports,False,0,0.0,full_youtube_video
BgMP3Bx1q10,30 Summer Drinks in India Ranked from Worst to Best (in 2026),30 Summer Drinks in India Ranked from Worst to Best — 2026 Nutrition Review,Fit Tuber,2026-05-29,Howto & Style,Howto & Style,True,21716,0.0,full_youtube_video
BtPEpEeAPI8,Why You're Always Tired - The REAL Reasons,5 Common Reasons You May Feel Tired — and Practical Ways to Improve Energy,Fit Tuber,2023-03-10,Howto & Style,Howto & Style,True,9609,0.0,full_youtube_video
BvYwa6u0WLI,Which is the Best Shampoo in India? (in 2024),"Best Shampoo Options in India 2024: Liquid Shampoos, Offline Picks, Shampoo Bars and Herbal Powders",Fit Tuber,2024-09-06,Howto & Style,Howto & Style,True,14137,0.0,full_youtube_video
CJ95UDhwO0g,Why did Vermithor react so differently to Daemon and Rhaenyra?#houseofthedragon #youtube #foryou,Why Vermithor Reacted Differently to Daemon and Rhaenyra,GothamReel,2026-07-25,People & Blogs,People & Blogs,True,1252,0.0,full_youtube_video
CgEs12XWwaQ,Tool Storage - DIY,"DIY 6-Foot Tool Storage Cabinet with 18 Shallow Drawers, Plywood Construction and Casters",KevBotWorkshop,2020-10-07,Howto & Style,Howto & Style,True,13215,0.0,full_youtube_video
CkPbJ8Wwtgc,Tywin Lannister #Shorts #TywinLannister #GameOfThrones #ASOIAF #Westeros #Lannister,"Tywin Lannister After Joanna's Death: Grief, Tyrion and the Birth of His Cold Persona",Black Raven | Westeros,2026-07-17,Film & Animation,Film & Animation,True,1108,0.0,full_youtube_video
DXPUWbJgmLE,One Habit that India has Taught the World - ALL ABOUT GHEE,"Ghee Explained: Traditional Uses, Nutrition Claims, Benefits and Limits",Fit Tuber,2018-10-05,Howto & Style,Howto & Style,True,8288,0.0,full_youtube_video
DujE3X1X4Yg,How to Make Tofu at home | Vegan Paneer | Dairy-free Paneer | Soya Paneer | 25rs मे 500gms पनीर बनाए,"Homemade Masala Tofu from Soybeans: Soy Milk, Vinegar Coagulation and Pressing",Homemade Happiness With Manisha,2022-07-15,Howto & Style,Howto & Style,True,11064,0.0,full_youtube_video
EExc6X58BTU,"Who is FitTuber? | Personal Life, Qualifications, Marital Status etc. | Q&A","FitTuber 1 Million Q&A: Background, YouTube Journey, Solo Production, Ayurveda, Earnings and Vegetarianism",Fit Tuber,2018-11-30,Howto & Style,Howto & Style,True,5788,0.0,full_youtube_video
EyKPK1_asSY,ULTIMATE Skin Care Routine for Natural Skin Glow & Nourishment (Men & Women),"Simple Skin-Care Routine for Cleansing, Moisture, Sun Protection and General Skin Health",Fit Tuber,2019-09-27,Howto & Style,Howto & Style,True,6279,0.0,full_youtube_video
F31ErEAoXnc,Gut Detox: How To Repair & Clean Your Gut Naturally,"Gut Health in 5 Steps: Meal Spacing, Plant Diversity, Earlier Eating, Stress Reduction and Avoiding Unnecessary Antibiot",Think Science,2026-03-25,Education,Education,True,13193,0.0,full_youtube_video
F4_Ne6re0RA,6 Warning SIGNS You're at Risk for Cancer,"6 Possible Cancer Warning Signs: Lumps, Unexplained Weight Loss, Bleeding, Persistent Cough, Mole Changes and Bowel or B",Fit Tuber,2025-07-11,Howto & Style,Howto & Style,True,13391,0.0,full_youtube_video
F4wUMbrUR78,5 Amazing Ways to Stop Overeating (once and for all),"5 Ways to Reduce Overeating Through Meal Structure, Awareness and Better Food Choices",Fit Tuber,2020-05-22,Howto & Style,Howto & Style,True,9092,0.0,full_youtube_video
F6quZ0hNV9w,Robert Baratheon: Before Game of Thrones | Animated Fan Film,Robert Baratheon: Before Game of Thrones | Animated Fan Film,Black Raven | Westeros,2026-05-06,Film & Animation,Film & Animation,False,0,0.0,full_youtube_video
FT01_aAaAvQ,Aegon Targaryen — The Conqueror | Animated Story | Part 1,"Aegon the Conqueror Part 1: The Prophecy, Visenya and Rhaenys, the Painted Table and the Decision to Invade Westeros",Black Raven | Westeros,2026-03-08,Film & Animation,Film & Animation,True,9712,0.0,full_youtube_video
Fw1HKAOyO54,6 Reasons You Are Eating Fruits the Wrong Way,"6 Fruit-Eating Rules: Whole Fruit, Local Produce, Fresh Cutting, Meal Timing and Milk Combinations",Fit Tuber,2018-10-19,Howto & Style,Howto & Style,True,9350,0.0,full_youtube_video
G-lzFmHgoyE,5 Toxin Free Bathing Soaps in India Under Rs 199 (Not Sponsored),5 Bathing Soaps in India Under ₹199 Reviewed for Simpler Ingredients,Fit Tuber,2019-11-08,Howto & Style,Howto & Style,True,9509,0.0,full_youtube_video
GMKDcbv6wJs,How to Stop Being Lazy in 5 Easy Steps (FEEL ENERGETIC),How to Stop Being Lazy in 5 Easy Steps (FEEL ENERGETIC),Fit Tuber,2020-03-27,Howto & Style,Howto & Style,False,0,0.0,full_youtube_video
GWQu3k9ls3g,5 Common Diet Myths that Prevent Weight loss,5 Diet Myths That Can Complicate Weight Loss,Fit Tuber,2016-10-06,Howto & Style,Howto & Style,True,2668,0.0,full_youtube_video
GYAM59KENZo,5 Amazing Foods to Improve Gut Health,"5 Gut-Friendly Foods: Curd, Oats, Ginger, Grapes and Fennel Seeds",Fit Tuber,2024-03-08,Howto & Style,Howto & Style,True,10960,0.0,full_youtube_video
GYHM2df0DGQ,Stop Knee Pain NOW! 2 Exercises To Strengthen Your Knees,"2 Knee-Strengthening Exercises: Isometric Lunge Holds and Wall Sits, Plus Extension and Recovery Tips",Health Reveal ,2025-06-29,People & Blogs,People & Blogs,True,8484,0.0,full_youtube_video
GYYpP8ihJ20,"This Breakfast MELTED My Belly Fat. I Eat It Every Morning – No Sugar, No Cooking!","No-Cook Overnight Breakfast Jar with Yogurt, Banana, Oats and Walnuts",Genuss im Glas,2026-02-25,People & Blogs,People & Blogs,True,1091,0.0,full_youtube_video
HLfBMPErl3Q,One Day Personal Body Care Routine to do once a month (Lockdown Special),Once-a-Month Personal Body-Care and Self-Care Routine,Fit Tuber,2020-04-10,Howto & Style,Howto & Style,True,11952,0.0,full_youtube_video
HWFFFrW4aZY,Aegon Targaryen — The Conqueror | Part 3,Aegon Targaryen — The Conqueror | Part 3,Black Raven | Westeros,2026-04-23,Film & Animation,Film & Animation,False,0,0.0,full_youtube_video
Hk4Zhx0M0PE,5 Most Dangerous Ingredients in Your Daily Foods (Worse than Sugar),"5 Food Additives/Ingredients Reviewed: Hydrogenated Fat, INS 627/631/635, Polysorbate 80, Maltodextrin and Nitrites",Fit Tuber,2026-03-20,Howto & Style,Howto & Style,True,15597,0.0,full_youtube_video
I940IIine5g,10 Digestion Habits Ranked from Worst to Best,10 Digestion Habits Ranked from Worst to Best,Fit Tuber,2019-07-26,Howto & Style,Howto & Style,False,0,0.0,full_youtube_video
IA3pZKYB0ew,How to Remove Dental Plaque & Prevent Cavities?,"Dental Plaque and Cavity Prevention: Brushing, Cleaning Between Teeth, Diet and Dental Care",Fit Tuber,2024-11-15,Howto & Style,Howto & Style,True,14614,0.0,full_youtube_video
IFRaJrS0Qyo,Full day of Eating - No Cooking,"Full Day of Eating Without Cooking: Banana-Peanut Butter Sandwich, Puffed-Rice Chana Bowl, Fruit-Curd Snack and Paneer S",Fit Tuber,2018-07-06,Howto & Style,Howto & Style,True,7363,0.0,full_youtube_video
IOMnLG-9jzs,Is India secretly planning for Aksai Chin ?,Is India Planning for Aksai Chin?,Rishabh Bidhuri,2026-08-10,News & Politics,News & Politics,True,1252,0.0,full_youtube_video
IWd6RCyeVCM,5 Food Products Wrongly Marketed as Healthy - Part 2,5 Food Products Wrongly Marketed as Healthy - Part 2,Fit Tuber,2018-01-12,Howto & Style,Howto & Style,False,0,0.0,full_youtube_video
Ih5FtGD_Ofo,I haven't bought bread in a year! Just mix chia seeds with hot water!,Flourless Chia-Flax Flatbread and Red Bean-Lentil Seed Bread,Ella's healthy recipes,2026-07-17,Education,Education,True,1633,0.0,full_youtube_video
IiOKhg4RUrw,Learn AI Filmmaking in 8 Minutes | (Full Step-By-Step Workflow),"AI Filmmaking Workflow: Story, Shot References, Character Consistency, Video Generation and Finishing",The Bhavya Shah,2026-07-27,Education,Education,True,8587,0.0,full_youtube_video
IzrVhjZiy2M,How to Grow Indigo Plants & Process It into Blue Dye,"Grow Japanese Indigo and Extract Blue Pigment: Planting, Harvesting and Dye Processing",Lovely Greens,2023-09-17,Howto & Style,Howto & Style,True,1252,0.0,full_youtube_video
J-JaGlLiU8k,JAN AUSHADHI WHEY PROTEIN @ RS 1499/KG || LAB TESTED - PASS OR FAIL ?? #review #health #fitness,"Jan Aushadhi Whey Protein Lab Test: Protein Accuracy, Contaminants, Price, Taste and Availability",Trustified,2025-07-06,Sports,Sports,True,8517,0.0,full_youtube_video
JUMO3rk8GrY,Democracy khatre mai hai,Democracy Is in Danger: Political Commentary,Divya Gandotra Tandon,2026-08-10,News & Politics,News & Politics,True,1252,0.0,full_youtube_video
JZlXdba7ALI,28 Signs Your Body is Deficient in Vital Nutrients (With Solution),28 Signs Your Body is Deficient in Vital Nutrients (With Solution),Fit Tuber,2019-03-08,Howto & Style,Howto & Style,False,0,0.0,full_youtube_video
JaMQfQK1_i8,Full day of Eating - Extreme Fat loss Diet - Lose 10 Kg,Full Day of Eating for Aggressive Fat Loss: A Low-Calorie Diet Example,Fit Tuber,2018-03-23,Howto & Style,Howto & Style,True,5912,0.0,full_youtube_video
Jazy2Fr4K2o,The story of Rhaegar and Lyanna #shorts #rhaegartargaryen,Rhaegar and Lyanna: The Knight of the Laughing Tree Encounter,Black Raven | Westeros,2026-04-02,Film & Animation,Film & Animation,True,556,0.0,full_youtube_video
JhaFxsMp1sQ,Which is the Best Chocolate in India? ft @Foodpharmer,5 Chocolates in India Recommended by Ingredient and Nutrition Criteria,Fit Tuber,2024-07-12,Howto & Style,Howto & Style,True,12741,0.0,full_youtube_video
JlD_ALoujtM,How to Reset the Gut? (Detox Your Intestines),"Gut 'Reset' Claims Reviewed: Psyllium, Triphala, Carrot Kanji, Fiber and Lifestyle",Fit Tuber,2022-09-23,Howto & Style,Howto & Style,True,7591,0.0,full_youtube_video
JlMtsyXkxQE,Ayurvedic Diet Plan for Extreme Fat Loss (Healthy & Effective),"Ayurvedic-Style Fat-Loss Diet: Warm Water, Simple Whole Foods, Light Dinner and Short-Term Food Restrictions",Fit Tuber,2020-11-06,Howto & Style,Howto & Style,True,5714,0.0,full_youtube_video
K813P2p0IU0,Full Day of Eating Healthy on Indian Streets (Outside Food) | Fit Tuber,"Eating Healthier on Indian Streets: Idli, Customized Thali, Roasted Corn, Bhel, Paneer and Light Dinner Options",Fit Tuber,2019-08-30,Howto & Style,Howto & Style,True,11307,0.0,full_youtube_video
KAZqPIvQT2c,You Deserve It  -  Fitness Motivation,You Deserve It: Short Fitness Motivation to Start Training and Eating Better,Fit Tuber,2016-11-16,Nonprofits & Activism,Nonprofits & Activism,True,1249,0.0,full_youtube_video
KJ-SpnhUURc,Indias Got Latent Bonus Episode 2 [Deleted Episode,Indias Got Latent Bonus Episode 2 [Deleted Episode,India's Got Latent,20260810,,,False,0,0.0,full_youtube_video
Ke5JKC87qac,10 Oral Care Habits Ranked from Worst to Best,10 Oral Care Habits Ranked from Worst to Best,Fit Tuber,2019-10-11,Howto & Style,Howto & Style,False,0,0.0,full_youtube_video
Kkn_u1gK1kw,7 Yummy Lunch Box Ideas for a Week (in 2025),"7 Lunchbox Ideas: One-Pot Rajma Rice, Kala Chana Salad, Millet Curd Rice, Paneer Besan Chilla, Hung-Curd Jowar Roll, Lau",Fit Tuber,2025-06-13,Howto & Style,Howto & Style,True,20194,0.0,full_youtube_video
Krf7Vmsf2M0,5 Proven Foods to Reduce Body Heat (& Foods to Avoid),5 Foods for 'Body Heat' Symptoms — Traditional Cooling-Food Claims and Foods to Limit,Fit Tuber,2025-04-04,Howto & Style,Howto & Style,True,15464,0.0,full_youtube_video
L9H16WSFF-U,Eating Full Day with an Indian Farmer 🇮🇳,"A Day Eating with an Indian Farmer: Bajra Roti, Raita, Buttermilk, Seasonal Fruit, Early Dinner and Farm Work",Fit Tuber,2025-01-10,Howto & Style,Howto & Style,True,12310,0.0,full_youtube_video
LGLrGhsYE5M,Tywin Lannister: Before Game of Thrones | Animated Movie,"Tywin Lannister Before Game of Thrones: Shame, Castamere, Joanna, Tyrion and Aerys",Black Raven | Westeros,2026-07-14,Film & Animation,Film & Animation,True,16647,0.0,full_youtube_video
LcjxB_yO3to,10 Ways to Improve Digestive System - Get INSTANT Boost Naturally,"10 Digestion Tips: Cumin, Hing, Psyllium, Ajwain/Fennel, Aloe, Fiber, Activity, Vajrasana and Chewing",Fit Tuber,2018-07-20,Howto & Style,Howto & Style,True,7752,0.0,full_youtube_video
Lg1wRs5Wb90,How to Achieve your Goal? (Stop Procrastination) by Bhagavad Gita ft. @beerbiceps,"3 Bhagavad Gita Ideas for Procrastination: Clarify Your Why, Shape Your Environment and Focus on Action",Fit Tuber,2022-12-30,Howto & Style,Howto & Style,True,7677,0.0,full_youtube_video
LpIgf_2Yi2c,Why Should I Start Meditation? (with Beginner's Day 1 Guide),"Why Meditate? Present-Moment Awareness, Beginner Breath Practice and Common Questions",Fit Tuber,2020-04-17,Howto & Style,Howto & Style,True,10933,0.0,full_youtube_video
MCD5xGPsnHg,Indian Lifestyle vs American Lifestyle - Which is Better? (Harsh Reality),"Ancient Indian vs Modern American Lifestyle: Clothes, Food, Eating Style, Sustainability, Living, Innovation and Health ",Fit Tuber,2020-05-29,Howto & Style,Howto & Style,True,13479,0.0,full_youtube_video
MJcM3baHkqg,5 Amazing Isha Life Products by Sadhguru That You Should Try  (Not Sponsored),"5 Isha Life Products Reviewed for Ingredients, Usefulness and Value",Fit Tuber,2020-09-11,Howto & Style,Howto & Style,True,9997,0.0,full_youtube_video
MLcQ0yIGq1c,HOMEMADE PROTEIN SHAKE  - Cheap and Easy Recipe for Muscle building and Fat loss,"Homemade Protein Shake for Muscle Building and Fat Loss: Milk, Fruit, Peanut Butter or Nuts, About 21 g Protein per Serv",Fit Tuber,2017-09-15,Howto & Style,Howto & Style,True,2405,0.0,full_youtube_video
MdTfLzT5FZw,5 Products at Chemist Shop that Need Your Attention!,"Chemist-Shop Products Reviewed: Isabgol, Antiseptic Creams, Cough Remedies and Antacids",Fit Tuber,2021-06-04,Howto & Style,Howto & Style,True,4577,0.0,full_youtube_video
Mf0nw5Dlb8Y,Seth Rollins & Oba Femi vs The Vision Full Match | WWE Summer Tour 2026,Seth Rollins & Oba Femi vs The Vision — WWE Summer Tour 2026 Full Match,Vlog Warriors,2026-07-26,Sports,Sports,True,1252,0.0,full_youtube_video
Mqe0NYVQZRY,How to Get Glowing Skin Overnight (Winter Skin Care Routine),Winter Night Skin-Care Routine for Moisture and Temporary Glow,Fit Tuber,2019-02-08,Howto & Style,Howto & Style,True,4434,0.0,full_youtube_video
Mu3vP4GfRE0,"सिर्फ 7 दिन में कितनी भी पुरानी झाइयां, काले दाग धब्बे 100% जड़ से खत्म करें | Fit Tuber",Hyperpigmentation and Dark-Spot Routine: Home-Care Ideas Without the 7-Day 'Permanent Cure' Promise,Fit Tuber,2025-12-26,Howto & Style,Howto & Style,True,16880,0.0,full_youtube_video
N7yf7zQyBHk,Trump Dumps Pakistan - US Drops Munir From Iran Mediation After $10B Demand & INTEL Red FLAG? Kinjal,Video Analysis of Pakistan's Role in US-Iran Mediation and a Reported $10 Billion Request,World Affairs by Unacademy,2026-08-04,Education,Education,True,11328,0.0,full_youtube_video
NB6hRDVlrK0,5 Toxin Free Shampoos in India Under Rs 200 (Not Sponsored),5 Toxin Free Shampoos in India Under Rs 200 (Not Sponsored),Fit Tuber,2019-04-12,Howto & Style,Howto & Style,False,0,0.0,full_youtube_video
NWkJ72Vo3nk,Govt to allow fees on UPI payment above Rs 2000? Ankit Agrawal Study IQ,"Could UPI Payments Above Rs 2,000 Face Fees? Policy and MDR Discussion",StudyIQ IAS,2026-08-06,Education,Education,True,14512,0.0,full_youtube_video
N_dVcI5p5ck,5 Daily Products You Should Stop Using Immediately (With Healthier Alternatives),5 Everyday Household Products Questioned for Health or Environmental Reasons — With Alternatives,Fit Tuber,2020-10-23,Howto & Style,Howto & Style,True,9901,0.0,full_youtube_video
NkdZ_N1mmjI,31 Tongue Signs Your Body is Asking for Help (With Solutions),"31 Tongue Signs and Ayurvedic Interpretations: Cracks, Coating, Color, Swelling, Tremor and Patches",Fit Tuber,2020-11-20,Howto & Style,Howto & Style,True,8822,0.0,full_youtube_video
NyEOHULKxz4,How to get rid of ACNE & PIMPLES Fast (Naturally),"Acne and Pimples: Natural Self-Care Ideas, Prevention Habits and Treatment Limits",Fit Tuber,2017-10-20,Howto & Style,Howto & Style,True,7301,0.0,full_youtube_video
O-v38a14cA0,"Wife thought he FORGOT their anniversary, but secretly he had THIS planned… 😭❤️",Anniversary Surprise with a Personalized PrayerSong: Wife Thinks Her Husband Forgot,PrayerSong,2026-01-13,Music,Music,True,1252,0.0,full_youtube_video
O6G0dQummog,How to treat Vitamin D Deficiency Naturally? (WARNING SIGNS),How to treat Vitamin D Deficiency Naturally? (WARNING SIGNS),Fit Tuber,2019-11-22,Howto & Style,Howto & Style,False,0,0.0,full_youtube_video
OJfH0j6iF8I,How to deal with Depression & Anxiety? (How I did it) | Fit Tuber,How to deal with Depression & Anxiety? (How I did it) | Fit Tuber,Fit Tuber,2020-01-03,Howto & Style,Howto & Style,False,0,0.0,full_youtube_video
OVAQXdFza54,20 Chocolates in India Ranked from Worst to Best,20 Chocolates in India Ranked from Worst to Best — Historical 2018 Review,Fit Tuber,2018-06-08,Howto & Style,Howto & Style,True,6220,0.0,full_youtube_video
OYpXKocfWlU,8 Mistakes You are Making After Eating a Meal,"8 After-Meal Habits to Avoid: Water, Fruit, Lying Down, Tea, Exercise, Smoking, Sex and Bathing",Fit Tuber,2023-09-22,Howto & Style,Howto & Style,True,9560,0.0,full_youtube_video
OZG38G2DQtY,BICEP WORKOUT - Workout at Home | Episode 5 - BICEPS | No Dumbbells,BICEP WORKOUT - Workout at Home | Episode 5 - BICEPS | No Dumbbells,Fit Tuber,2016-12-13,Sports,Sports,False,0,0.0,full_youtube_video
OnhHNETGc44,"Permanent Solution to Bloating, Dark Circles and Muscle Cramps","Bloating, Dark Circles and Muscle Cramps: Causes, Home Remedies and When Simple Explanations Fall Short",Fit Tuber,2023-09-08,Howto & Style,Howto & Style,True,10551,0.0,full_youtube_video
P1Gd0JJoRO4,5 Genius Habits that are Easy and Effective (#2 will surprise you),5 Easy Habits for More Efficient Health and Fitness Progress,Fit Tuber,2022-02-11,Howto & Style,Howto & Style,True,8764,0.0,full_youtube_video
P9LW2lwgYiQ,6 Amazing Products Under Rs 799 that Make Healthy Lifestyle Easier,6 Practical Health-Lifestyle Products Under ₹799 Reviewed for Everyday Value,Fit Tuber,2023-12-01,Howto & Style,Howto & Style,True,8630,0.0,full_youtube_video
PIws4Rn-mZI,Top 5 Fruits for Fat Loss in INDIA,"5 Fruits for a Weight-Loss Diet in India: Pear, Apple, Orange, Muskmelon and Watermelon",Fit Tuber,2017-09-22,Howto & Style,Howto & Style,True,4380,0.0,full_youtube_video
PMtVwDiOcYI,15 Breakfast Cereals in India Ranked From Worst to Best,15 Breakfast Cereals in India Ranked From Worst to Best,Fit Tuber,2019-03-01,Howto & Style,Howto & Style,False,0,0.0,full_youtube_video
POKzKwFqaNE,20 Ice Creams in India Ranked from Worst to Best (in 2026),20 Ice Creams in India Ranked from Worst to Best — 2026 Ingredient Review,Fit Tuber,2026-05-15,Howto & Style,Howto & Style,True,17881,0.0,full_youtube_video
PPBZcXyhH_M,COMPLETE BEGINNERS GUIDE TO GYM - 15 Gym Tips for Beginners,"15 Beginner Gym Tips: Warm-Up, Compounds, Form, Cardio, Nutrition, Recovery and Consistency",Fit Tuber,2017-09-08,Howto & Style,Howto & Style,True,9011,0.0,full_youtube_video
PRlD8BWLQkQ,TURMERIC -  The Most Versatile Spice of India,TURMERIC -  The Most Versatile Spice of India,Fit Tuber,2018-12-14,Howto & Style,Howto & Style,False,0,0.0,full_youtube_video
PTtJJ5k0VHI,"Rhaegar Targaryen, the man who risked everything #shots #rhaegartargaryen #targaryen",Rhaegar Targaryen: The Man Who Risked Everything,Black Raven | Westeros,2026-04-03,Film & Animation,Film & Animation,True,620,0.0,full_youtube_video
Pcd28t9x8w8,5 Amazing Vegetarian Protein Foods Better Than Egg,"5 Vegetarian Protein Foods: Urad/Moong Dal, Roasted Chana/Sattu, Milk/Paneer, Green Peas and Peanuts",Fit Tuber,2023-10-20,Howto & Style,Howto & Style,True,7875,0.0,full_youtube_video
PtSjjISiSs0,Eating Healthy on Indian Streets Under Rs 200,"Eating Healthier on Indian Streets on a Budget: Breakfast, Thali, Snacks, Dal Chawal and Dessert Choices",Fit Tuber,2022-11-04,Howto & Style,Howto & Style,True,9360,0.0,full_youtube_video
QC10nmqfekc,"FitTuber QNA | Legal Battles, Marriage Next Month?, Behind the Scenes etc | Q&A","FitTuber 2 Million Q&A: Sabbatical, Legal Battles, Patreon, Research Process, Indian Food and Future Plans",Fit Tuber,2019-09-20,Howto & Style,Howto & Style,True,7711,0.0,full_youtube_video
Qd_SOd9RAeg,6 Early Warning Signs of Kidney Disease,"6 Possible Kidney-Disease Warning Signs: Urine Changes, Swelling, Flank Pain, Fatigue, Itching and Blood-Pressure/Diabet",Fit Tuber,2024-08-09,Howto & Style,Howto & Style,True,14601,0.0,full_youtube_video
Qev0A0iUzbo,White Hair to Black Hair Naturally in 5 Steps (Effective Ayurvedic Routine),"5-Step Ayurvedic Premature-Greying Routine: Rasayana, Bhringraj Asava, Diet/Yoga, Neeli Bhringadi Oil and Nasya",Fit Tuber,2020-12-04,Howto & Style,Howto & Style,True,10086,0.0,full_youtube_video
QhEE0EmhOaU,10 Safe & Useful Ayurvedic Tablets to Replace Allopathic Pills (Instant Relief),10 Ayurvedic Tablets for Common Symptoms: Traditional Uses — Not Replacements for Prescribed Medicines,Fit Tuber,2020-12-18,Howto & Style,Howto & Style,True,8597,0.0,full_youtube_video
QjFLMxSbdJQ,Bloodraven Does Not Forgive#shorts #Bloodraven #BryndenRivers #DunkAndEgg#AKnightOfTheSevenKingdoms,Bloodraven Does Not Forgive: Brynden Rivers Short,Black Raven | Westeros,2026-06-19,Film & Animation,Film & Animation,True,941,0.0,full_youtube_video
QjTxB_hUA9U,The Daily Bathing Secret That Will AMAZE You,"5 Bathing Habits for Skin, Hair and Everyday Hygiene",Fit Tuber,2025-05-30,Howto & Style,Howto & Style,True,15854,0.0,full_youtube_video
Qn2AjYZZo-8,How to ACTUALLY Remove Pesticides from Fruits & Vegetables (Practical Solution),"Removing Pesticide Residue from Produce: Baking-Soda Soak, Rinsing, Peeling and Seasonal Buying",Fit Tuber,2019-03-29,Howto & Style,Howto & Style,True,9624,0.0,full_youtube_video
QucgvbO5gsM,Free AI Tools So Good They're Making Paid Versions Obsolete,"10 Free or Open AI Tools for Video, Images, Voice, Coding, Meetings and Editing",Vaibhav Sisinty,2026-07-22,Science & Technology,Science & Technology,True,20550,0.0,full_youtube_video
RLg1hrKZ5FA,3 Amazing Health Drinks for Your Body,"3 Health Drinks for Diabetes, Uric Acid and Thyroid Claims: Bitter-Gourd Juice, Lemon Water and Coriander Water",Fit Tuber,2025-05-02,Howto & Style,Howto & Style,True,12608,0.0,full_youtube_video
RUDi7gf-zF4,10 Super Easy & Tasty Recipes to Try at Home (Vegetarian) | Fit Tuber,10 Super Easy & Tasty Recipes to Try at Home (Vegetarian) | Fit Tuber,Fit Tuber,2020-04-03,Howto & Style,Howto & Style,False,0,0.0,full_youtube_video
RUIi4c09HE0,10 Min Guided Meditation Session for Beginners (Follow Along),10-Minute Guided Breath-Awareness Meditation for Beginners,Fit Tuber,2020-12-25,Howto & Style,Howto & Style,True,6856,0.0,full_youtube_video
RWRDGnsQX_k,5 Amazing Patanjali Products You Should Try - NOT SPONSORED,"5 Patanjali Products Reviewed: Rose Water, Shilajit, Virgin Coconut Oil, Ashwagandha Churna and Dishwash Bar",Fit Tuber,2018-07-27,Howto & Style,Howto & Style,True,5154,0.0,full_youtube_video
RfinWpg9MYY,10 Toothpastes in India Ranked from Worst to Best,10 Toothpastes in India Ranked by Ingredients — Historical 2018 Review,Fit Tuber,2018-01-19,Howto & Style,Howto & Style,True,6936,0.0,full_youtube_video
Rm0jYmIRN84,The ULTIMATE Ayurvedic Routine to Increase Memory & Concentration Power (4 STEPS) | Fit Tuber,The ULTIMATE Ayurvedic Routine to Increase Memory & Concentration Power (4 STEPS) | Fit Tuber,Fit Tuber,2020-02-14,Howto & Style,Howto & Style,False,0,0.0,full_youtube_video
Rpj-O4Lk6QI,How to Boost Testosterone Naturally - 6 WAYS,"6 Ways to Support Testosterone: Nutrition, Resistance Training, Sleep, Stress Reduction, Limiting Alcohol/Smoking/Sugar ",Fit Tuber,2017-08-11,Howto & Style,Howto & Style,True,4816,0.0,full_youtube_video
SAZotzpq8No,"Arthur Dayne, the Sword of the Morning #shorts #ArthurDayne #SwordOfTheMorning #GameOfThrones","Arthur Dayne, the Sword of the Morning",Black Raven | Westeros,2026-07-18,Film & Animation,Film & Animation,True,845,0.0,full_youtube_video
SBVkI7tAUm4,Your Organs After 36 Hours Without Food,"What Happens During a 36-Hour Fast: Glycogen, Ketosis, Autophagy, Risks and Refeeding",Young Scientist School,2026-02-20,Education,Education,True,5540,0.0,full_youtube_video
SDJD85dLWwk,"The Only Free AI Tool Everyone Should Use, and it is Open Source","Build a Private AI Second Brain with Markdown, GitHub, MCP and API Access",Hasan Aboul Hasan,2026-08-08,Education,Education,True,12719,0.0,full_youtube_video
SHICcnohvTE,5 Foods That You Must Avoid in Dinner! (& Best Foods),"Dinner Foods the Video Says to Limit: Leafy Vegetables, Salads, Sprouts, Curd, Fruit and Heavy Meals",Fit Tuber,2022-01-28,Howto & Style,Howto & Style,True,8874,0.0,full_youtube_video
SKhSKH_LHN4,Boost Your Immunity with This Diet Plan (Easy & Effective),"COVID-Era Immunity Diet Plan: Warm Fluids, Simple Meals, Moong Dal, Soups and Turmeric Milk",Fit Tuber,2021-05-21,Howto & Style,Howto & Style,True,5750,0.0,full_youtube_video
SRX5qJTVZMY,10 Most Underrated Ayurvedic Habits for a Healthy Lifestyle (Easy & Effective),"10 Ayurvedic Lifestyle Habits: Daily Routine, Eating, Sleep, Hygiene and Self-Care",Fit Tuber,2021-02-12,Howto & Style,Howto & Style,True,6220,0.0,full_youtube_video
STwFTUM0EHs,STOP Buying Greek Yogurt! Make Thick Creamy Yogurt at Home (Only 2 Ingredients 😳),Two-Ingredient Thick Homemade Yogurt: Simple Greek-Style Yogurt Method,My Lockdown Rasoi,2026-05-23,Howto & Style,Howto & Style,True,2773,0.0,full_youtube_video
SZmNa9931eA,Which is the Best Face Wash in India? (in 2024),"Best Face Washes in India (2024): Offline, Online and Besan-Turmeric DIY Options",Fit Tuber,2024-11-29,Howto & Style,Howto & Style,True,12220,0.0,full_youtube_video
SlGIjCPlWF0,7 Trending Fitness Advices in India That Need Your Attention,"Questionable Health Trends: Gluten-Free Diets, Alkaline Water, Raw Diets, Supplements, Juice Detoxes and Enemas",Fit Tuber,2020-12-11,Howto & Style,Howto & Style,True,7586,0.0,full_youtube_video
SobRqlT0pOM,5 Foods That You Must Avoid in Breakfast (& Best Foods),"5 Breakfast Foods to Limit: Commercial Bread, Muesli/Cereal, Ready-to-Eat Meals, Nutella/Jam and Deep-Fried Foods",Fit Tuber,2023-12-29,Howto & Style,Howto & Style,True,9184,0.0,full_youtube_video
SrfvgMH1NmY,7 Amazing Makeup Products in India that are Actually Natural,"7 Natural-Style Makeup Alternatives in India: Foundation, Primer, Mascara, Blush, Kajal, Eyeliner and Lipstick",Fit Tuber,2021-01-01,Howto & Style,Howto & Style,True,11139,0.0,full_youtube_video
T6oCNc6_-uQ,ULTIMATE Ayurvedic Routine to Cure Cold & Cough Problems,ULTIMATE Ayurvedic Routine to Cure Cold & Cough Problems,Fit Tuber,2019-11-15,Howto & Style,Howto & Style,False,0,0.0,full_youtube_video
T6qnwU16Y48,Eat this Laddoo Every Morning & Results will Surprise You,"Iron-Deficiency Foods and Remedies: Sesame-Jaggery Laddoo, Soaked Raisins, Roasted Chana, ABC Juice and Halim Seeds",Fit Tuber,2025-12-12,Howto & Style,Howto & Style,True,18279,0.0,full_youtube_video
TDv7SVMt-Fw,How to Lose Weight Fast | 100% Results,"Weight-Loss Basics: Portion Carbohydrates, Eat Protein and Healthy Fats, Add Vegetables, Sleep, Hydrate, Exercise and Li",Fit Tuber,2017-03-03,Howto & Style,Howto & Style,True,5850,0.0,full_youtube_video
TIEZQWSMfUM,#1 Fat Burning Tip - 10 Day Challenge,Fasted Morning Cardio for 15–20 Minutes: A 10-Day Fat-Loss Challenge and Its Claims,Fit Tuber,2017-07-21,Howto & Style,Howto & Style,True,3738,0.0,full_youtube_video
TOAaMcVmVOg,Top 10 Cheapest Protein Foods in India (Veg & Non Veg),"10 Cheapest Protein Foods in India: Tofu, Fish, Paneer, Chicken, Legumes, Milk, Egg Whites, Peanuts, Lentils and Soy Chu",Fit Tuber,2017-06-09,Howto & Style,Howto & Style,True,10383,0.0,full_youtube_video
TPP-TeV0BDU,20 Face Washes in India Ranked from Worst to Best,20 Face Washes in India Ranked from Worst to Best,Fit Tuber,2018-03-02,Howto & Style,Howto & Style,False,0,0.0,full_youtube_video
TSyg05S-5-I,5 Morning Habits that can Ruin Your Day (& Best Morning Habits),5 Morning Habits That Can Ruin Your Day and Better Alternatives,Fit Tuber,2021-06-25,Howto & Style,Howto & Style,True,3933,0.0,full_youtube_video
TazjcZrTl7Y,"FREE UNLIMITED Claude Code (No NVIDIA NIM, No Ollama!) - Fastest Responses [2026]",Route Claude Code Through OpenCode Zen and a Free MiniMax Model,Danish Sofi,2026-05-10,Science & Technology,Science & Technology,True,14787,0.0,full_youtube_video
Tl13Z42277s,How to Take Daily Vitamins and Minerals through Common Foods?,"Food-Based Alternatives to DHT Blockers, Magnesium, Glutathione, Melatonin and Vitamin D Supplements",Fit Tuber,2021-08-27,Howto & Style,Howto & Style,True,9549,0.0,full_youtube_video
TmYbdBFxx20,10 Eye Care Habits Ranked from Worst to Best,10 Eye Care Habits Ranked from Worst to Best,Fit Tuber,2018-08-31,Howto & Style,Howto & Style,False,0,0.0,full_youtube_video
Tt-6djN5YvM,What your Poop Says about your Health? (Test your Body)💩,"What Stool Color, Consistency and Frequency Can Tell You—With Ayurvedic Claims Separated from Medical Red Flags",Fit Tuber,2020-01-17,Howto & Style,Howto & Style,True,7806,0.0,full_youtube_video
U97qYFkja8c,Modi की IIT Entry पे Liberals MELTDOWN 🤡 | Lol Patrol,Commentary on Narendra Modi's IIT Visit and Reactions from Political Critics,LOL Patrol,2026-08-10,People & Blogs,People & Blogs,True,7551,0.0,full_youtube_video
UBZdJR5zEBk,"How to take care of your Ears? (Improve Hearing, Tinnitus, Pain)","Ear Care: Wax, Hearing, Tinnitus and Pain — Safe Hygiene and When to Seek Care",Fit Tuber,2021-09-24,Howto & Style,Howto & Style,True,9250,0.0,full_youtube_video
UVHOJM0bdVc,"3 Health Drinks to Replace Collagen, Protein Powder & Multivitamin","3 Homemade Nutrition Drinks for Skin, Micronutrients and Protein",Fit Tuber,2024-09-20,Howto & Style,Howto & Style,True,12213,0.0,full_youtube_video
UWCf9pDTmJI,"करी पत्ता है, कमाल। .. #drrobin #ayurved #food #doctor #remedy",Curry Leaves and Health Claims — Metadata-Only Entry Due to Unreliable Evidence,Dr.Robin Sharma,2026-08-03,Education,Education,True,1954,0.0,full_youtube_video
Ua0VBPXN5j8,Children of 90's | Taare Zameen Par song,Children of the 90s — Taare Zameen Par Song Montage,Fit Tuber,2016-11-14,Nonprofits & Activism,Nonprofits & Activism,True,839,0.0,full_youtube_video
UgIfDo9e_Jk,How to Keep Fruits & Vegetables Fresh for Longer?,"How to Store Fruits, Vegetables, Spices, Nuts and Dairy for Longer Freshness",Fit Tuber,2022-04-22,Howto & Style,Howto & Style,True,8519,0.0,full_youtube_video
UnjiirIHTYU,How to Improve Leg Circulation | Only 3 Exercises You Need to Know,"3 Seated Exercises for Leg Circulation: Marching, Leg Extension/Ankle Flexion and Calf Pumps",Dr Pote's Vascular Clinic,2026-07-30,Education,Education,True,10167,0.0,full_youtube_video
UposRQt67Dg,7 Quick & Healthy Drinks You Should Master ( My Favourites),"7 Healthy Drinks to Try: Ragi Malt, Turmeric Milk, Buttermilk, Lemon-Honey Water, Coconut Water, Sugarcane Juice and Car",Fit Tuber,2018-10-26,Howto & Style,Howto & Style,True,9546,0.0,full_youtube_video
V8zN8saFXMQ,Gib ein Ei in kochende Milch – und du wirst nie wieder Käse kaufen! 🧀🔥,"Easy Homemade Fresh Cheese with Milk, Eggs, Salt and Yogurt",Käse zu Hause,2025-02-24,People & Blogs,People & Blogs,True,818,0.0,full_youtube_video
VK-G0vkfqOQ,5 Daily Foods You Are Eating the Wrong Way,5 Everyday Foods the Video Says Are Commonly Eaten the Wrong Way,Fit Tuber,2020-01-31,Howto & Style,Howto & Style,True,9437,0.0,full_youtube_video
VVPFk1TIaUc,What Will Happen if You Quit Sugar for 21 Days (6 Healthy Alternatives),What Will Happen if You Quit Sugar for 21 Days (6 Healthy Alternatives),Fit Tuber,2018-10-12,Howto & Style,Howto & Style,False,0,0.0,full_youtube_video
V_t51u1tBJc,"How I Make $24,937/mo Posting YouTube Shorts (Using Claude AI)","Faceless YouTube Shorts Workflow with Claude, VidIQ and Viblo",Kellan Henneberry,2026-06-28,People & Blogs,People & Blogs,True,17126,0.0,full_youtube_video
VriBoTeMByk,The Tragic Story of Tyrion & Tysha #TyrionLannister #Tysha #Westeros #GeorgeRRMartin #Shorts,The Tragic Story of Tyrion Lannister and Tysha,Black Raven | Westeros,2026-07-14,Film & Animation,Film & Animation,True,633,0.0,full_youtube_video
VtUxnAj5HsI,"🔥 Kamzor Baap Nikla Deadly K!ller… Beti Ke Liye Jo Kiya, Sab Shock | Kdrama Explained in Hindi",Former Operative Kim Returns to Violence to Save His Bullied and Kidnapped Daughter Minji,Alex Explainer Hindi,2026-08-01,Film & Animation,Film & Animation,True,72498,0.0,full_youtube_video
Vw5kOT9ocjk,11 Ayurvedic Food Combinations That You Must Try (#3 will Surprise you),"11 Ayurvedic Food Combinations: Wheat-Cucumber, Milk-Ghee, Spiced Sprouts, Radish-Leaves, Lemon-Ghee, Black Gram-Butterm",Fit Tuber,2021-10-22,Howto & Style,Howto & Style,True,8074,0.0,full_youtube_video
WJ2xwLRI3pE,How to Avoid Buying Wrong Fruits and Vegetables? ft @SatishRayTV,"How to Avoid Bad Produce: Apples, Capsicum, Cabbage, Garlic, Spinach, Carrot, Cauliflower, Brinjal, Sweet Potato and Pap",Fit Tuber,2022-12-16,Howto & Style,Howto & Style,True,8946,0.0,full_youtube_video
WLsl3M26K-I,How to get rid of Man Boobs? Workout and Diet Tips.,"Gynecomastia vs Chest Fat: Weight Loss, Lifestyle, Chest Training and When to See a Doctor",Fit Tuber,2017-02-18,Howto & Style,Howto & Style,True,3820,0.0,full_youtube_video
WUWdVtbZrLQ,Weed vs Alcohol | Which is Better? (Myth Busted) ft.@beyounick,"Weed vs Alcohol: Intoxication, Health Risks, Claimed Medical Uses and Ayurvedic Perspectives",Fit Tuber,2020-07-17,Howto & Style,Howto & Style,True,8506,0.0,full_youtube_video
WYt9VnY6PmY,How to Purify Your Blood Naturally?,"Ayurvedic 'Blood Purification' Claims: Neem Leaves, Manjisthadi Kwath and Lifestyle Changes",Fit Tuber,2021-07-16,Howto & Style,Howto & Style,True,4984,0.0,full_youtube_video
WxQ-FVRVuaI,Rhaegar and Lyanna’s wedding. #gameofthrones #rhaegartargaryen #westeros #lyanna,Rhaegar and Lyanna's Wedding,Black Raven | Westeros,2026-05-24,Film & Animation,Film & Animation,True,880,0.0,full_youtube_video
XB_o_yKvQkI,How to Reduce FACE FAT (Chubby Cheeks and Double Chin),"Reducing a Puffy or Fuller Face: Overall Fat Loss, Less Sodium, Hydration, Alcohol Reduction and Facial Exercises",Fit Tuber,2017-03-17,Howto & Style,Howto & Style,True,3389,0.0,full_youtube_video
XCRPbZ_vVb4,5 Period Mistakes that Every Woman Should Avoid,"5 Period 'Mistakes' Reviewed: Diet, Bathing, Exercise, Sex and Menstrual Products",Fit Tuber,2023-06-16,Howto & Style,Howto & Style,True,9876,0.0,full_youtube_video
X_CvsRskWeE,10 Hair Care Habits Ranked from Worst to Best,10 Hair Care Habits Ranked from Worst to Best,Fit Tuber,2018-08-17,Howto & Style,Howto & Style,False,0,0.0,full_youtube_video
XctGOSf08js,5 Indian Superfoods You Must Eat (My Picks),"5 Indian Superfoods: Jackfruit, Green Gram, Lemon, Moringa and Mango",Fit Tuber,2020-06-19,Howto & Style,Howto & Style,True,11253,0.0,full_youtube_video
Y2L2kBthqNE,"Stop Walking 10,000 Steps/Day (do this for 10 minutes instead)","10-Minute 40/30 Interval Cardio: 40 Seconds Hard, 30 Seconds Easy, 2–4 Times Weekly",Get Fit with Payas,2026-06-11,Education,Education,True,8808,0.0,full_youtube_video
YHdxBff_M6k,10 Late Night Snacks Options in India Ranked from Worst to Best,10 Late-Night Snack Options in India Ranked from Worst to Best,Fit Tuber,2018-06-22,Howto & Style,Howto & Style,True,5821,0.0,full_youtube_video
YN7kv9j4J_4,7 Products for Weight Loss That Need Your Attention!,7 Weight-Loss Products in India: What to Question Before Buying,Fit Tuber,2020-05-15,Howto & Style,Howto & Style,True,10452,0.0,full_youtube_video
YQsQjFO0uBk,49 Signs Your Body is Crying for Help (WITH SOLUTION),Common Body Warning Signs and Traditional Home-Remedy Responses,Fit Tuber,2020-07-31,Howto & Style,Howto & Style,True,7020,0.0,full_youtube_video
YiPiB7hwxGc,ULTIMATE Ayurvedic Routine to Get Rid of Pimples & Acne Permanently (Men & Women),Five-Step Ayurvedic Acne Routine: Traditional Diet and Skin-Care Guidance with Cure Claims Flagged,Fit Tuber,2021-03-12,Howto & Style,Howto & Style,True,10851,0.0,full_youtube_video
Yl_UEHuDMnQ,5 Superfoods of India You Must Eat (My Picks),5 Superfoods of India You Must Eat (My Picks),Fit Tuber,2018-11-09,Howto & Style,Howto & Style,False,0,0.0,full_youtube_video
Ypq6bEh_CnM,7 S*x Mistakes that Everyone Should Avoid,"7 Sex Myths to Avoid: Genital Skin Color, Penis Size, Menstrual Cups, Orgasm, Birth-Control Positions, Viagra and Porn",Fit Tuber,2024-01-12,Howto & Style,Howto & Style,True,8351,0.0,full_youtube_video
Yq0cuX__wck,"5 Amazing Ways to Reduce Body Heat (Hairfall, Pimples, Acidity)","5 Amazing Ways to Reduce Body Heat (Hairfall, Pimples, Acidity)",Fit Tuber,2019-03-15,Howto & Style,Howto & Style,False,0,0.0,full_youtube_video
Z8dAhgsHwQg,3 Foods That Naturally Decrease Cortisol (The Stress Hormone),3 Foods for Stress Support and Cortisol-Related Nutrition Claims,Fit Tuber,2025-11-14,Howto & Style,Howto & Style,True,18689,0.0,full_youtube_video
Zr1SWGrQTIc,Complete Movie | All Three Previously Released Parts Combined,Complete Movie | All Three Previously Released Parts Combined,Black Raven | Westeros,2026-06-27,Film & Animation,Film & Animation,False,0,0.0,full_youtube_video
_3beJopLD2Y,5 Products at the Chemist Shop that Need Your Attention!,"5 Chemist-Shop Products Reviewed: Revital, Safi, Glucon-D, Strepsils and Kayam Churna",Fit Tuber,2020-02-28,Howto & Style,Howto & Style,True,10555,0.0,full_youtube_video
_9YXliQTAkg,How To Create VOX STYLE Animation 100% FREE (NO PAID TOOLS),"Create Vox-Style Documentary Animations with ChatGPT, Google Flow, AI Voice and CapCut",Mark Ai Guy,2026-08-02,Education,Education,True,18820,0.0,full_youtube_video
_d1VU6A5Cd4,ABS WORKOUT - Workout at Home | Episode 8 - LOWER ABS | 5 min workout,5-Minute Lower-Ab Home Workout,Fit Tuber,2016-12-24,Sports,Sports,True,232,0.0,full_youtube_video
_eljsPT1Qws,10 Cooking Utensils in India Ranked from Worst to Best,10 Cooking Utensils in India Ranked by Material and Safety Considerations — 2019 Review,Fit Tuber,2019-01-11,Howto & Style,Howto & Style,True,8668,0.0,full_youtube_video
_kHuBGn5yoQ,5 Things that are just Magical for Skin Glow✨,5 Low-Cost Skin-Care Items for Temporary Glow and Routine Support,Fit Tuber,2024-05-03,Howto & Style,Howto & Style,True,13401,0.0,full_youtube_video
_mUsMQL8DuA,Build Your Calves with these 3 Secret Home Exercises,"3 Home Calf Exercises: Donkey Calf Raises, Single-Leg Isometric Calf Holds and Tibialis Raises",FitBurn Studio,2026-04-23,Education,Education,True,6417,0.0,full_youtube_video
_tSN_1OlcEg,World's best Dental powder.. #drrobin #ayurved #food #doctor #remedy,Traditional Dental Powder Claim — Metadata-Only Entry Due to Unreliable Evidence,Dr.Robin Sharma,2026-07-20,Education,Education,True,1252,0.0,full_youtube_video
_u6yrYAP_7w,Try This DIY Hair Mask और पाएं रेशमी घने बाल,"DIY Flaxseed Hair-Gel Mask: Boil, Strain, Apply 30 Minutes and Rinse",Fit Tuber,2026-02-20,Howto & Style,Howto & Style,True,18088,0.0,full_youtube_video
_uLdo-Buoz8,Create This New Ai Niche & Go Viral In 48hrs | 100% FREE Tools,Generate Satisfying Wooden-Car Transformation Shorts with ChatGPT and Google Flow,Mark Ai Guy,2026-07-16,People & Blogs,People & Blogs,True,6746,0.0,full_youtube_video
_urKrTNH5G0,Which is the Best Cooking Oil in Indian Market?,"Cooking Oils in India: Refined Oil, Olive Oil, Mustard, Sesame, Groundnut, Coconut and Ghee Compared",Fit Tuber,2019-04-19,Howto & Style,Howto & Style,True,9063,0.0,full_youtube_video
a01zsrKBOCU,5 Quick & Healthy Drinks that Fire You Up 🔥  (#1 is My Favourite),5 Quick & Healthy Drinks that Fire You Up 🔥  (#1 is My Favourite),Fit Tuber,2019-01-04,Howto & Style,Howto & Style,False,0,0.0,full_youtube_video
aMheJmu5YfU,12 Strange Signs Your Body Is Burning Fat (Not Sugar),12 Possible Signs of Fat Adaptation and Weight-Loss Changes,Ryan Taylor (Natural Remedies),2026-05-01,Education,Education,True,9863,0.0,full_youtube_video
aW816rEx_WQ,Dunk & Egg: Animated Story | After Ashford,"Dunk & Egg After Ashford: The Sworn Sword, Mystery Knight, Aegon V's Reign and the Tragedy of Summerhall",Black Raven | Westeros,2026-06-17,Film & Animation,Film & Animation,True,21911,0.0,full_youtube_video
azsMvdSI3cU,10 Sleeping Habits Ranked from Worst to Best,10 Sleeping Habits Ranked from Worst to Best,Fit Tuber,2018-08-24,Howto & Style,Howto & Style,False,0,0.0,full_youtube_video
bHzxdWpWhW4,5 Best Foods For Rapid Weight Gain (Naturally),"Healthy Weight-Gain Foods: Milk Dalia, Curd-Potato, Banana-Peanut Butter, Roti-Rice, Paneer and Urad Dal",Fit Tuber,2025-10-03,Howto & Style,Howto & Style,True,18081,0.0,full_youtube_video
bRsQuDUnU4g,5 Indian Superfoods You Must Eat ft. @AbhiandNiyu,"5 Indian Superfoods: Black Chana, Cashews, Pomegranate, Bottle Gourd and Sugarcane",Fit Tuber,2021-04-16,Howto & Style,Howto & Style,True,11023,0.0,full_youtube_video
bcZ9_kClq6I,10 Interesting & Useful Ayurvedic Facts About Your Body That You Should Know,"10 Ayurvedic Body Facts: Traditional Interpretations of Digestion, Sleep, Routine and Constitution",Fit Tuber,2021-02-26,Howto & Style,Howto & Style,True,10744,0.0,full_youtube_video
bgx6nHUNILg,20 Soaps in India Ranked from Worst to Best,20 Soaps in India Ranked from Worst to Best,Fit Tuber,2018-02-02,Howto & Style,Howto & Style,False,0,0.0,full_youtube_video
c5iae3FZK_4,White Discharge - What's Normal & What is Not?,"Vaginal Discharge: What's Normal, Warning Colors and Why Ayurvedic 'White Discharge' Claims Need Caution",Fit Tuber,2023-11-03,Howto & Style,Howto & Style,True,9331,0.0,full_youtube_video
c6yvIGvLWC8,Which is the Best Soap & Body Wash in India (in 2025)?,Best Soaps and Body Washes in India in 2025 — Ingredient-Based Consumer Review,Fit Tuber,2025-03-21,Howto & Style,Howto & Style,True,11019,0.0,full_youtube_video
c7jWQZf8jvo,9 Common S*x Mistakes That You Must Avoid,"9 Sex Myths: Pubic Hair, Condoms for Oral/Anal Sex, Emergency Contraception, Toilet Seats, Double Condoms, Hymen, Period",Fit Tuber,2022-03-11,Howto & Style,Howto & Style,True,8710,0.0,full_youtube_video
cLh2VdPBWSM,3 Powerful Herbs that You Should Start Using,"3 Ayurvedic Herbs for Metabolic, Joint, Stress, Skin, Blood-Pressure and Digestive Claims",Fit Tuber,2024-11-01,Howto & Style,Howto & Style,True,10468,0.0,full_youtube_video
cO8cccJkQ1c,20 Min Full Body Workout For Beginners (Follow Along) | Men & Women,"20-Minute Beginner Full-Body Home Workout: Dynamic Warm-Up, Strength, Dumbbells and Core",Fit Tuber,2021-10-08,Howto & Style,Howto & Style,True,16045,0.0,full_youtube_video
ci-uXyWw5R4,6 Women Products That You Should Stop Using Immediately (With Healthier Alternatives),"6 Women's Products Reviewed: Intimate Washes, Hair-Removal Creams, Nail Polish, Health Drinks, Deodorants and Face Powde",Fit Tuber,2021-04-23,Howto & Style,Howto & Style,True,11045,0.0,full_youtube_video
ci6viCNdAjI,10 Foods You'll Never Buy Again After Knowing How They Are Made,10 Foods You'll Never Buy Again After Knowing How They Are Made,Fit Tuber,2017-11-24,Howto & Style,Howto & Style,False,0,0.0,full_youtube_video
cuMlOIBY7zY,20 Hand Washes in India Ranked From Worst to Best,20 Hand Washes in India Ranked by Ingredients — Historical 2019 Review,Fit Tuber,2019-09-06,Howto & Style,Howto & Style,True,7836,0.0,full_youtube_video
d02j1cBsdDQ,Eat 1 Teaspoon Before Bed — Melts Belly Fat Like Ozempic | Dr. Mandell,Bedtime Chia and Cinnamon Drink for Satiety: Not an Ozempic Substitute,motivationaldoc,2025-07-03,People & Blogs,People & Blogs,True,9349,0.0,full_youtube_video
d40K62Iqnfk,High Protein Indian Bodybuilding Meal - Vegetarian,High-Protein Indian Vegetarian Bodybuilding Meal,Fit Tuber,2016-12-17,Howto & Style,Howto & Style,False,0,0.0,full_youtube_video
d4vAv6CG7M0,7 Quick & Healthy Lunch Box Ideas for the Week (Vegetarian),"7 Vegetarian Lunchbox Recipes: Beans Pulao, Paneer Roll, Sweet-Potato Vegetables, Cabbage Sandwich, Millet-Soya Biryani,",Fit Tuber,2019-02-22,Howto & Style,Howto & Style,True,9226,0.0,full_youtube_video
dAqQqmaI9vY,30 Min Daily Yoga Routine for Beginners (Follow Along),"30-Minute Beginner Yoga Routine: Joint Warm-Up, Surya Namaskar, Asanas and Pranayama",Fit Tuber,2021-04-02,Howto & Style,Howto & Style,True,20365,0.0,full_youtube_video
dE4i4LUq2R4,9 Signs Your Body is Asking for Help (With Solution),"9 Body Warning Signs: Pale Nails, Smelly Gas, Muscle Cramps, Foot Pain, Puffy Face, Dry Skin, Anal Itching, Swollen Gums",Fit Tuber,2023-02-10,Howto & Style,Howto & Style,True,9230,0.0,full_youtube_video
dQadi21TIwc,How to lead a Healthy Sex Life as per Ayurveda? (Men & Women),"Ayurvedic Sexual-Life Guidelines: Frequency, Timing, Food, Conception Practices and Unsafe Neem-Contraception Claims",Fit Tuber,2020-10-02,Howto & Style,Howto & Style,True,10695,0.0,full_youtube_video
dkeHhKP7vR0,I Built the 'Perfect' Morning Routine Inspired by Indian Celebs,"A Celebrity-Inspired Morning Routine: Early Sleep, No Social Media, Water, Ghee, Yoga, Cold Shower and Oats",Fit Tuber,2025-02-07,Howto & Style,Howto & Style,True,10561,0.0,full_youtube_video
dtP8pTwQgc8,How to Identify Fresh Fruits and Vegetables in Indian Market? ft. @KabitasKitchen,"Identifying Fresh Fruits and Vegetables in Indian Markets: Onion, Ginger, Watermelon, Tomato, Pineapple and More",Fit Tuber,2021-04-09,Howto & Style,Howto & Style,True,6308,0.0,full_youtube_video
dutNG5SCIis,She Ate And Left No Crumbs! 🗿,Barkha Dutt Challenges Press-Freedom and Happiness Rankings of India,learn with jassi,2026-07-13,People & Blogs,People & Blogs,True,1102,0.0,full_youtube_video
e2JiidC3qO4,Full day of Eating - Weight Gain (Muscle) diet - Indian Style,"Full-Day Vegetarian Weight-Gain Diet: Cashew Upma, Chana-Rice-Roti Lunch, Banana-Peanut Butter Roti, Paneer-Urad Dinner ",Fit Tuber,2019-04-26,Howto & Style,Howto & Style,True,10677,0.0,full_youtube_video
e9iTLyPLb8U,INCREASE HEIGHT - How to Increase Height Naturally,"Height Growth Claims Reviewed: Nutrition and Sleep Matter During Growth, but Adults Cannot Stretch Bones Taller",Fit Tuber,2017-05-12,Howto & Style,Howto & Style,True,5233,0.0,full_youtube_video
eb7y1jFXslU,30 Namkeens in India Ranked from Worst to Best,30 Namkeens in India Ranked from Worst to Best,Fit Tuber,2020-02-07,Howto & Style,Howto & Style,False,0,0.0,full_youtube_video
ee0SfGSJOTc,7 Quick & Healthy Breakfast Options for the Week (Ditch the Paranthas),"7 Quick Indian Breakfasts: Besan Chilla, Tamarind Rice, Banana-Almond-Milk, Sweet Rice, Curd Rice, Ragi Malt and Cashew ",Fit Tuber,2018-11-23,Howto & Style,Howto & Style,True,8163,0.0,full_youtube_video
ehCw14qk12c,20 Face Creams in India Ranked from Worst to Best,20 Face Creams in India Ranked by Ingredient Transparency and the Creator's Safety Criteria,Fit Tuber,2018-03-30,Howto & Style,Howto & Style,True,5081,0.0,full_youtube_video
fKxmRoD3_y4,30 Biscuits in India Ranked from Worst to Best,"30 Biscuits in India Ranked: Cream Biscuits, Parle-G, Marie, Digestives, Granny's and Early Foods",Fit Tuber,2018-05-04,Howto & Style,Howto & Style,True,6478,0.0,full_youtube_video
fb5gHqmreas,Reverse Diabetes Permanently in 3 Steps,"Type 2 Diabetes Lifestyle Plan: Higher-Fiber Diet, Meal Timing, Fenugreek, Amla-Turmeric and Walking — With Medical Caut",Fit Tuber,2023-12-15,Howto & Style,Howto & Style,True,12870,0.0,full_youtube_video
g4GSHgFfaMA,"ALL ABOUT SPROUTS - Easy Preparation, Recipes & Benefits!","Sprouts at Home: Preparation, Savory and Sweet Recipes, and Eating Tips",Fit Tuber,2019-02-01,Howto & Style,Howto & Style,True,7308,0.0,full_youtube_video
gVHuh75Xhdw,Top Vegetarian Foods for Bodybuilding in India,"12 Vegetarian Bodybuilding Foods: Legumes, Brown Rice, Nuts, Milk, Fruit, Whole Wheat, Paneer, Vegetables, Sweet Potato,",Fit Tuber,2017-07-14,Howto & Style,Howto & Style,True,8641,0.0,full_youtube_video
gaMrnhFILJc,5 Best Sunscreens in India (in 2025),"Mineral Sunscreens in India: Gabit, Mother Sparsh, Aroma Magic and an Unvalidated DIY Aloe-Wheat-Germ Formula",Fit Tuber,2025-02-21,Howto & Style,Howto & Style,True,15495,0.0,full_youtube_video
gcNGaTYwA3I,4 Products in Your Kitchen You Should Throw Away (With Healthier Alternatives),4 Kitchen Products to Reconsider — With Simpler Food Alternatives,Fit Tuber,2022-02-25,Howto & Style,Howto & Style,True,11270,0.0,full_youtube_video
ggNxHVqNwGw,PROVE THEM WRONG -Motivational Video 🔥,"Prove Them Wrong: Short Motivation on Confidence, Hard Work and Taking Action",Fit Tuber,2019-05-17,Howto & Style,Howto & Style,True,1638,0.0,full_youtube_video
gjYVS8m91UU,5 Amazing Foods for Fat Loss,5 Everyday Foods to Support Fat Loss Through Satiety and Diet Quality,Fit Tuber,2023-04-21,Howto & Style,Howto & Style,True,9330,0.0,full_youtube_video
gkjA_4GJ93c,High Protein Vegetarian Recipe for Bodybuilding,High-Protein Vegetarian Oats Tikki,Fit Tuber,2016-10-09,Howto & Style,Howto & Style,True,765,0.0,full_youtube_video
h4hbLS1BTqA,Visenya arrives at the Eyrie castle#aegontheconqueror#visenyatargaryen #targaryen#gameofthrones,Visenya Targaryen Takes the Eyrie Without Bloodshed,Black Raven | Westeros,2026-04-29,Film & Animation,Film & Animation,True,703,0.0,full_youtube_video
h9buAlUNQNo,Arthur Dayne | Animated Fan Film | Game of Thrones,Arthur Dayne | Animated Fan Film | Game of Thrones,Black Raven | Westeros,2026-05-20,Film & Animation,Film & Animation,False,0,0.0,full_youtube_video
hLCvr7HHJNs,5 Must have Products this Winter (#4 Will Surprise You),"5 Winter Products Reviewed: Arata Lip Balm, Shilajit, Face Moisturizer, Pure Hair Oil and Body Lotion",Fit Tuber,2018-11-16,Howto & Style,Howto & Style,True,6885,0.0,full_youtube_video
hLrny7Xjy2g,7 Quick & Healthy Dessert Ideas for your Sweet Tooth (Indian Dessert Recipes),"7 Homemade Desserts: Atta Halwa, Gajar Halwa, Walnut-Date Curd, Sweet-Potato Halwa, Kheer, Roti-Ghee-Jaggery and Coconut",Fit Tuber,2019-03-22,Howto & Style,Howto & Style,True,9504,0.0,full_youtube_video
hMA8FaDd_Oc,5 Amazing Foods that Stop Hair Fall,"5 Foods for Hair Nutrition: Carrots, Curry Leaves, Buttermilk, Amla and Almonds",Fit Tuber,2023-08-25,Howto & Style,Howto & Style,True,10096,0.0,full_youtube_video
hRdUnvkmaF4,The Ugly Truth about McDonald's French Fries - SCIENTIFIC PROOF!,McDonald's Fries vs Homemade Fries: An Informal Shelf-Life Experiment and Its Limits,Fit Tuber,2018-01-05,Howto & Style,Howto & Style,True,3074,0.0,full_youtube_video
hfAzwS79PXE,"Increase Vitamin B12 Naturally (Symptoms, Best Foods, Natural Supplements)","Vitamin B12 Deficiency: Symptoms, Dairy Foods and Misleading 'Natural B12' Supplement Claims",Fit Tuber,2024-01-26,Howto & Style,Howto & Style,True,8180,0.0,full_youtube_video
i6aFZgDcm-M,High Protein Breakfast for Fat loss and Muscle gain,"Quick High-Protein Breakfast with Oats, Milk and Eggs for Muscle Gain or Fat-Loss Diets",Fit Tuber,2016-09-09,Howto & Style,Howto & Style,True,1230,0.0,full_youtube_video
i7aidpUwGC4,5 Women Products That You Should Stop Using Immediately (With Healthier Alternatives),"5 Women's Products Reviewed: Underwire Bras, Fairness Creams, Plastic Loofahs, Multivitamins and Keratin Treatments",Fit Tuber,2021-12-31,Howto & Style,Howto & Style,True,10813,0.0,full_youtube_video
iOgbAm4hbDo,Cheapest Post Workout Food for Fat Loss & Muscle Gain,"Budget Post-Workout Protein: Egg Whites, Serving Ideas and Safer Timing/Storage Context",Fit Tuber,2017-11-17,Howto & Style,Howto & Style,True,7203,0.0,full_youtube_video
iUY-JJUueqI,WHICH BODY TYPE ARE YOU? How to Train & Eat for YOUR body type?,"Ectomorph, Mesomorph and Endomorph: Why Classic Body Types Are a Weak Basis for Diet and Training",Fit Tuber,2017-08-04,Howto & Style,Howto & Style,True,5762,0.0,full_youtube_video
j8HApM9L0ss,5 Daily Mistakes that are Damaging the Planet (#4 is Easy) 🌎,"5 Everyday Environmental Actions: Reuse Possessions, Eat Millets, Help Local Wildlife, Cut Single-Use Plastic and Reduce",Fit Tuber,2022-07-01,Howto & Style,Howto & Style,True,9213,0.0,full_youtube_video
jN6m8o6XWJ4,91/7... Then Glenn Maxwell Did the Impossible | Full Story,91/7... Then Glenn Maxwell Did the Impossible | Full Story,Cricbees Official,2026-07-21,Sports,Sports,True,1252,0.0,full_youtube_video
j_sTk4JdQpY,How to Stop Overthinking? By Bhagavad Gita,"Bhagavad Gita Approach to Overthinking: Focus on What You Control, Detach from Outcomes and Train Attention",Fit Tuber,2021-12-17,Howto & Style,Howto & Style,True,5401,0.0,full_youtube_video
jbmpHgVSp6k,5 Best Foods for Radiant Skin (Natural Collagen & Retinol),5 Foods for Skin Nutrition and Radiance — Without Calling Them 'Natural Collagen or Retinol' Replacements,Fit Tuber,2025-10-17,Howto & Style,Howto & Style,True,17410,0.0,full_youtube_video
jh8RZtwo6Fc,"Fit Tuber 5 Million Q&A | Job Revealed | (Big Announcement, Marital Status, Legal Situation)","Fit Tuber 5 Million Q&A: Career, Legal Notices, Channel Plans, Ayurveda, Health, Marriage and Trust",Fit Tuber,2021-07-02,Howto & Style,Howto & Style,True,7482,0.0,full_youtube_video
joav_O3pupo,5 Amazing Products to Set Your Hair Naturally (For Men & Women) | Fit Tuber,"5 Hair-Styling Product Categories: Wax, Serum, Beard Oil, Hair Dryer and Comb",Fit Tuber,2021-02-19,Howto & Style,Howto & Style,True,9567,0.0,full_youtube_video
jwmNjJgZanM,5 MINUTE ICE CREAM - Healthy & Tasty Ice Cream (Without Refrigerator),"Fast Homemade Ice Cream: Chocolate, Mango and Malai Kulfi Using Ice-Salt Bag Freezing",Fit Tuber,2019-05-24,Howto & Style,Howto & Style,True,4552,0.0,full_youtube_video
k1WyIcsM42c,3 high-protein breakfasts I prep ahead for better energy and focus,"3 High-Protein, High-Fiber Make-Ahead Breakfasts: Overnight Oats, Cottage-Cheese Frittata and Freezer Smoothie Packs",The Doctor's Kitchen,2026-04-26,People & Blogs,People & Blogs,True,11195,0.0,full_youtube_video
k77F184hi5g,Cure Thyroid Problem Permanently in 4 Steps,"Thyroid Video: Walnut Oil, Coriander Water, Yoga and Diet Claims—With Unsafe Advice to Stop Medication",Fit Tuber,2020-06-26,Howto & Style,Howto & Style,True,10518,0.0,full_youtube_video
kYPAlvnRiiI,"Claude + ChatGPT = $57,152 In 90 Days","Build a Faceless Facts Shorts Channel with Claude, ChatGPT, VidIQ and Viblo",Kellan Henneberry,2026-08-02,People & Blogs,People & Blogs,True,27530,0.0,full_youtube_video
khhA-FiwuGE,3 Natural Skin Care Products that you Must Try (Homemade),"3 Homemade Skin-Care Products: Multani Mitti Face Wash, Sesame-Saffron Face Oil and Besan Body Wash",Fit Tuber,2023-05-05,Howto & Style,Howto & Style,True,8985,0.0,full_youtube_video
kmKf4hZJtq0,The Truth About Mineral Water & The Best Water Purifier in India,The Truth About Mineral Water & The Best Water Purifier in India,Fit Tuber,2019-09-13,Howto & Style,Howto & Style,False,0,0.0,full_youtube_video
kqD1X1q6suM,5 Natural Face Moisturisers under Rs 299 (Not Sponsored),"Natural-Style Face Moisturisers Under ₹299: Aloe Vera, Facial Oils and Kumkumadi Tailam",Fit Tuber,2020-11-13,Howto & Style,Howto & Style,True,5062,0.0,full_youtube_video
l5RZZe4h7T0,5 Anti Ageing Habits that You Should Inculcate in Your 20s/30s,"5 Anti-Ageing Habits for Your 20s and 30s: Slow Breathing, Selfless Service, Rasayana Foods, Fasting and Moderating Sexu",Fit Tuber,2021-01-15,Howto & Style,Howto & Style,True,10205,0.0,full_youtube_video
lCSgRPINplc,30 Breads in India Ranked from Worst to Best,"30 Breads in India Ranked: White, Brown, Whole-Wheat, Multigrain and Homemade Bread",Fit Tuber,2020-09-04,Howto & Style,Howto & Style,True,8094,0.0,full_youtube_video
lGUoBm0FCZQ,"SAY GOODBYE to Period Problems Forever (Irregular Periods, Menstrual Cramps, PMS, Over Bleeding etc)","PMS, Irregular Periods and Cramps: Lifestyle Advice Mixed with Unsupported Ayurvedic and Moon-Cycle Remedies",Fit Tuber,2019-10-04,Howto & Style,Howto & Style,True,9534,0.0,full_youtube_video
lNvBXLbInXE,7 Min Daily Yoga Routine for Beginners (Follow Along),"Beginner Yoga/Pranayama Routine: Om, Bhastrika, Kapalbhati, Alternate-Nostril Breathing, Bhramari and Two Stretches",Fit Tuber,2022-06-03,Howto & Style,Howto & Style,True,8739,0.0,full_youtube_video
lYJDlH0CoE4,Sirf 1 Chammach Roz Khao — 7 Din Mein Pet Ki Charbi Kam Hone Lagegi!,Five Homemade Weight-Loss Remedies: Metadata-Only Summary Due to Unreliable Transcript Evidence,Healthy Hamesha,2026-03-20,Education,Education,True,9922,0.0,full_youtube_video
lh5dsxZ0scc,TRY -  Motivational Video,TRY: A Short Motivational Story for When You Feel Demotivated,Fit Tuber,2016-10-03,Film & Animation,Film & Animation,False,0,0.0,full_youtube_video
lsY_Llt59x0,3 Natural Hair Care Products that you Must Try (Homemade),"3 Homemade Hair-Care Products: Reetha Shampoo, Curd Conditioning and Onion-Sesame Hair Oil",Fit Tuber,2022-05-06,Howto & Style,Howto & Style,True,8245,0.0,full_youtube_video
m7PzICujjbc,Cheapest Pre Workout in INDIA - No Supplement,Cheapest Pre Workout in INDIA - No Supplement,Fit Tuber,2017-11-10,Howto & Style,Howto & Style,False,0,0.0,full_youtube_video
m7eC77inRms,6 Products at Your Home That You Should Throw Away Immediately,6 Products at Your Home That You Should Throw Away Immediately,Fit Tuber,2019-12-13,Howto & Style,Howto & Style,False,0,0.0,full_youtube_video
mEqzo69Ka5s,20 Hair Oils in India Ranked from Worst to Best,20 Hair Oils in India Ranked from Worst to Best,Fit Tuber,2019-08-16,Howto & Style,Howto & Style,False,0,0.0,full_youtube_video
mGZBVAp883Q,5 Amazing Foods that Melt Belly Fat | Fit Tuber,"Ozempic and Satiety: Protein, Healthy Fats, Fiber, Bitter Foods and Berberine Claims",Fit Tuber,2026-06-26,Howto & Style,Howto & Style,True,19362,0.0,full_youtube_video
mUoCyrYfvLY,30 Summer Drinks in India Ranked from Worst to Best,30 Summer Drinks in India Ranked from Worst to Best,Fit Tuber,2018-05-11,Howto & Style,Howto & Style,False,0,0.0,full_youtube_video
mVUtchpU6nY,Natural Body Transformation | FITNESS MOTIVATION INDIA,Natural 8-Week Male Body Transformation and Indian Fitness Motivation,Fit Tuber,2017-04-07,Howto & Style,Howto & Style,False,0,0.0,full_youtube_video
mVWSWc--zGE,How to Unclog Your Arteries (& Prevent Heart Attack),"Clogged Arteries and Cholesterol: Warning Signs, Lipid Testing, Lifestyle Risks, Garlic, Arjuna Bark and Medohar Guggul ",Fit Tuber,2023-06-02,Howto & Style,Howto & Style,True,7943,0.0,full_youtube_video
majCZ5SMp7Q,BIGGEST Fitness Myths you need to STOP Believing,"5 Fitness Myths: Youth Weight Training, Eggs/Nuts and Acne, Spot Reduction, Women Lifting and Diet-Only Weight Loss",Fit Tuber,2017-08-18,Howto & Style,Howto & Style,True,5861,0.0,full_youtube_video
mbo5wXh1lWE,5 Simple & Creative Recipes to Try at Home (Vegetarian) | Fit Tuber,"5 Creative Vegetarian Recipes: Paneer Popcorn, Chickpea 'Coffee', Nankhatai, Banana-Peanut Butter Ice Cream and Katori C",Fit Tuber,2020-05-01,Howto & Style,Howto & Style,True,9020,0.0,full_youtube_video
me7i3OmFTIc,White Hair को Permanently Black करें (सिर्फ 3 Steps में),"Grey-Hair Routine and Henna-Indigo Coloring: Amla/Bhringraj Claims, Neeli Bhringadi Oil and a Major Lead-Safety Warning",Fit Tuber,2026-01-23,Howto & Style,Howto & Style,True,18425,0.0,full_youtube_video
moZjGDwG5UU,Milk in India Ranked from Worst to Best,"Milk in India Ranked: UHT/Homogenized, Packet Milk, A2 Desi Cow Milk, Buffalo, Plant Milks and Local-Farm Milk",Fit Tuber,2020-06-11,Howto & Style,Howto & Style,True,11683,0.0,full_youtube_video
n-YuK_bV8kw,"FitTuber 3 Million Q&A | Meet my Family | (Parents reaction, Mimicry😂 , Surprise)","FitTuber 3 Million Q&A: Family, Nutrition Certifications, Ayurveda, Regional Channels and Sponsorship Choices",Fit Tuber,2020-07-10,Howto & Style,Howto & Style,True,7219,0.0,full_youtube_video
nVqguQH45gw,How to Wake up Early Morning Daily? (and Not be Miserable),How to Wake Up Early Every Morning Without Being Miserable,Fit Tuber,2021-03-26,Howto & Style,Howto & Style,True,9785,0.0,full_youtube_video
nwWJsUqtzcY,21 Sri Sri Tattva Products Ranked from Worst to Best,"21 Sri Sri Tattva Products Ranked: Ghee, Ojasvita, Toothpaste, Cosmetics, Red Rice, Jaggery, Hair Oil, Triphala Juice, Q",Fit Tuber,2021-01-22,Howto & Style,Howto & Style,True,8355,0.0,full_youtube_video
nzycj3Y6-sk,Remove Dark Circles Permanently in 1 Week (Best Home Remedy),Remove Dark Circles Permanently in 1 Week (Best Home Remedy),Fit Tuber,2019-05-03,Howto & Style,Howto & Style,False,0,0.0,full_youtube_video
o4JWr10bw48,Extreme Fat Melting Diet Plan (Breakfast to Dinner),"Full-Day Weight-Loss Diet: Sprouts or Oats, Millets, Makhana, Fruit-Nut Snacks and Light Soup Dinner",Fit Tuber,2025-04-18,Howto & Style,Howto & Style,True,19188,0.0,full_youtube_video
oQjbkYD28jQ,Tea vs Coffee | Which is Better (Revealed),"Tea vs Coffee: Caffeine, Tannins, Timing and Alternatives such as Arjuna Tea, Herbal Tea and Decaf",Fit Tuber,2019-12-27,Howto & Style,Howto & Style,True,10477,0.0,full_youtube_video
oeBNmD1iwDo,4 Life Changing Habits That I Have Learnt in South India,4 Health and Lifestyle Habits Learned in South India,Fit Tuber,2019-05-31,Howto & Style,Howto & Style,True,7768,0.0,full_youtube_video
ogHiefVlTaM,11 Common Indian Rituals that are Surprisingly Scientific 🇮🇳,"11 Indian Rituals Explained: Hiccups, Copper Coins, Curd-Sugar, Shagun, Fasting, Sindoor, Nimbu-Mirchi, Sun Offering, Vi",Fit Tuber,2021-11-05,Howto & Style,Howto & Style,True,9592,0.0,full_youtube_video
ooMKNswME18,9 Dark Secrets Private Hospitals Hide From You (Must Watch) 🤫🚨,"Private Hospital Billing and Treatment Risks in India: Insurance, Admissions, C-Sections, Tests, Referrals, Medicines an",Fit Tuber,2026-05-01,Howto & Style,Howto & Style,True,19782,0.0,full_youtube_video
ouneTsdk46w,Cool down Exercises after Workout | Post Workout Stretches,Cool down Exercises after Workout | Post Workout Stretches,Fit Tuber,2017-03-07,Howto & Style,Howto & Style,False,0,0.0,full_youtube_video
pCaz06psb0s,"5 Proven Ways to Reduce Body Heat (Pigmentation, Rashes, Grey Hair, Body odour, Sweating)","5 Traditional Ways to Cool Down in Hot Weather: Head Covering, Gond Katira, Kansa Foot Massage, Cooling Drinks and Clay ",Fit Tuber,2023-05-19,Howto & Style,Howto & Style,True,8679,0.0,full_youtube_video
pFjyrjw5HPc,You have been drinking water the wrong way all your life,"How to Drink Water: Meal Timing, Sipping, Morning Water, Temperature and Sitting",Fit Tuber,2016-09-05,Howto & Style,Howto & Style,True,3996,0.0,full_youtube_video
pIf_TK2JC9M,Healthy Eggless Cake Recipe | No Bake | Raw Vegan diet,Healthy Eggless No-Bake Raw Vegan Cake Recipe,Fit Tuber,2016-09-20,Howto & Style,Howto & Style,True,405,0.0,full_youtube_video
pOBWgUhRLCo,30 Biscuits in India Ranked from Worst to Best (in 2026),"30 Biscuits in India Ranked in 2026: Oreo and Cream Biscuits to Millet Cookies, Whole-Food Brands and Homemade Alternati",Fit Tuber,2026-04-17,Howto & Style,Howto & Style,True,18089,0.0,full_youtube_video
pQ5OQRqOer8,Stop Drinking DEAD Water! The Bitter Truth of Water Purifiers,"RO, UF and NF Water Purifiers: TDS, Mineral Water, Alkaline Water and Hydration Claims Explained",Fit Tuber,2026-03-06,Howto & Style,Howto & Style,True,18727,0.0,full_youtube_video
pYHakKTMa0s,ABS WORKOUT - Workout at Home | Episode 9 - OBLIQUES | 5 min workout,5-Minute Oblique Home Workout,Fit Tuber,2016-12-25,Sports,Sports,True,224,0.0,full_youtube_video
peM93I89TQU,5 Food Products Wrongly Marketed as Healthy,5 Food Products Wrongly Marketed as Healthy,Fit Tuber,2017-12-01,Howto & Style,Howto & Style,False,0,0.0,full_youtube_video
pqoz66rf7gE,25 Ghee Brands in India Ranked from Worst to Best,"25 Ghee Brands in India Reviewed by Adulteration, Cow Breed and Production Method",Fit Tuber,2020-07-24,Howto & Style,Howto & Style,True,9156,0.0,full_youtube_video
pskMbM-2QQQ,"Permanent Solution to 4 Common Health Problems (Dark Lips, Bad Breath, Snoring & Acidity)","Dark Lips, Snoring, Bad Breath and Acid Reflux: Practical Causes Plus Unsafe/Unsupported Remedy Claims",Fit Tuber,2022-08-12,Howto & Style,Howto & Style,True,8866,0.0,full_youtube_video
px7qgNyf7kM,7 Refreshing & Tasty Milkshakes You Must Try this Summer,7 Refreshing Summer Milkshakes,Fit Tuber,2022-04-08,Howto & Style,Howto & Style,True,10314,0.0,full_youtube_video
qBGy1ibJrRc,4 Habits that can Ruin your Night (& The Next day),4 Night Habits That Can Disrupt Sleep and the Next Day — With Better Alternatives,Fit Tuber,2022-03-25,Howto & Style,Howto & Style,True,7313,0.0,full_youtube_video
qJkC05DjVlA,"Claude Ai + YouTube = $9,987/Month (FREE Plan) | Create Viral 2D Documentary Videos","Free AI Workflow for 2D YouTube Documentaries: Claude, ElevenLabs, Google Flow, Vibes AI, Bulk Scene Generation and Edit",Chad Grow,2026-07-26,Education,Education,True,17406,0.0,full_youtube_video
qOmM94CvOLs,6 Foods You Eat that are a Lie (EXPOSED!),6 Misleading Food Products and Marketing Claims to Examine More Closely,Fit Tuber,2020-01-24,Howto & Style,Howto & Style,True,9503,0.0,full_youtube_video
qfB7tnJ-kRI,20 Shampoos in India Ranked from Worst to Best,"20 Indian Shampoos Ranked in 2018: Popular Brands, Herbal Marketing and Khadi",Fit Tuber,2018-02-16,Howto & Style,Howto & Style,True,5937,0.0,full_youtube_video
qiwb7zGy-34,5 Min Warm up exercises before workout | Why warm up?,5-Minute Warm-Up Before a Workout,Fit Tuber,2016-12-21,Howto & Style,Howto & Style,True,281,0.0,full_youtube_video
qnNOpRYmCNo,FAT LOSS CARDIO - Workout at Home | Episode 10 - FAT BURNING CARDIO,FAT LOSS CARDIO - Workout at Home | Episode 10 - FAT BURNING CARDIO,Fit Tuber,2017-01-10,Sports,Sports,False,0,0.0,full_youtube_video
qnTc5WeBamo,25 Common Indian Rituals that are Surprisingly Logical 🇮🇳,"Indian Rituals and Their Meanings: Navratri, Peepal, Tulsi, Jewelry, Puja, Tilak, Yagna, Sleeping Direction and Meal Pra",Fit Tuber,2020-08-14,Howto & Style,Howto & Style,True,9602,0.0,full_youtube_video
r-DIv65zHwY,Which is the Best Hair Oil in India? (in 2025),"Hair Oils in India 2025: Mineral-Oil Screening, Natural/Ayurvedic Picks, Adivasi-Oil Skepticism and DIY Infusion",Fit Tuber,2025-01-24,Howto & Style,Howto & Style,True,12205,0.0,full_youtube_video
r-zlwA_Pk84,Healthy Snacks - Healthy Office Snack Options,"Portable Healthy Snacks: Makhana, Roasted Chana, Fruit and Nuts, Banana-Peanut Butter Roti, Chana Chaat and Egg Options",Fit Tuber,2017-04-28,Howto & Style,Howto & Style,True,5657,0.0,full_youtube_video
rEPsDiWn9O0,How to Take Care of Your Parents' Health? (Before It's Too Late),"Caring for Aging Parents: Nutrition, Regular Activity, Sleep Routine, Supplement Caution and Emotional Connection",Fit Tuber,2025-03-07,Howto & Style,Howto & Style,True,16184,0.0,full_youtube_video
raH3rx2oO9k,India Revives Su-30! Picks Super Sukhoi With GaN Virupaksha AESA Radar Over Russia’s Su-57! Kinjal,"Video Analysis of India's Su-30MKI Production, Super Sukhoi Upgrade, Virupaksha AESA Radar and Su-57 Decision",World Affairs by Unacademy,2026-08-10,Education,Education,True,14887,0.0,full_youtube_video
raMWkXbDU2A,Roti vs Rice | Which is Better? (Myth Busted),"Roti vs Rice: Whole Wheat, White Rice, Semi-Brown Rice, Red Rice and Multigrain Roti Compared",Fit Tuber,2019-11-01,Howto & Style,Howto & Style,True,10376,0.0,full_youtube_video
s1lSPL9nVxU,"Fall 2: Deadpoint (2026) Official Trailer | Harriet Slater, Arsema Thomas | 11 September 2026","Fall 2: Deadpoint (2026) Official Trailer | Harriet Slater, Arsema Thomas",PVRINOX Pictures,2026-08-07,Film & Animation,Film & Animation,True,1252,0.0,full_youtube_video
s1pTXbpnefk,Is Masturbation Good or Bad? (For Men & Women),Is Masturbation Good or Bad? (For Men & Women),Fit Tuber,2019-07-12,Howto & Style,Howto & Style,False,0,0.0,full_youtube_video
s2NQhpFGIOg,15 Min Daily Yoga Routine for Beginners (Follow Along),15-Minute Daily Yoga Routine for Beginners,Fit Tuber,2020-03-20,Howto & Style,Howto & Style,True,14976,0.0,full_youtube_video
s5by_uGGkX0,5 Foods that have More Calcium than Milk (Get Stronger Bones),"5 Calcium-Rich Foods: Edible Lime, Sesame Seeds, Kulthi Dal, Ragi and Rajgira",Fit Tuber,2024-06-28,Howto & Style,Howto & Style,True,11880,0.0,full_youtube_video
s6r_9Pznkco,"Drink This Every Morning - Skin, Hair और Gut की सभी समस्याएं जड़ से खत्म","Sea Buckthorn: Nutrients, Skin/Hair Claims, Digestive and Cardiometabolic Claims, Doses and Safety Caveats",Fit Tuber,2026-07-24,Howto & Style,Howto & Style,True,14632,0.0,full_youtube_video
s7tEurbw1zU,What Happens if You Eat Dinner After 7 PM?  (WITH SOLUTION),"If You Must Eat Dinner Late: Light Meals, Mindful Eating, Walking, Vajrasana and a Two-Hour Sleep Gap",Fit Tuber,2019-06-07,Howto & Style,Howto & Style,True,5277,0.0,full_youtube_video
sCOyx-Wglss,How to Manage Diet in Hostel or PG | For College Students,"Healthy Hostel and PG Diet: Oats, Eggs or Paneer, Salad, Nuts, Chickpeas and Smart Mess Choices",Fit Tuber,2017-03-24,Howto & Style,Howto & Style,True,5321,0.0,full_youtube_video
sgAhnEhOq30,The #1 Breakfast Mistake You're Making with These 3 Foods,"Breakfast Foods to Avoid: Rusk/Biscuits, Vegetable Fat Spreads and Flavored Oats—Plus Quick Whole-Food Alternatives",Fit Tuber,2025-05-16,Howto & Style,Howto & Style,True,14264,0.0,full_youtube_video
t99TxDBwUCM,SHOULDER WORKOUT - Workout at Home | Episode 4 - SHOULDERS | Without Equipment,No-Equipment Shoulder Workout at Home,Fit Tuber,2016-11-28,Sports,Sports,False,0,0.0,full_youtube_video
tLLO3tEMkyk,Full day of Eating - Fat Loss Diet (Indian Style),"Indian Full-Day Fat-Loss Menu: Besan Chilla, Fruit, Chickpea-Rice Lunch, Ginger Tea and Dal-Vegetable Dinner",Fit Tuber,2018-12-21,Howto & Style,Howto & Style,True,9163,0.0,full_youtube_video
tamUJ23i33k,NO GYM | FULL BODY WORKOUT,No-Gym Full-Body Follow-Along Workout: 30-Second Exercise Intervals with 10-Second Rest,Fit Tuber,2017-04-14,Howto & Style,Howto & Style,True,947,0.0,full_youtube_video
tbO66nDf7r8,20 Hair Conditioners in India Ranked from Worst to Best,"20 Hair Conditioners Ranked in 2018: Mainstream Brands, Herbal Marketing, Omved, Vilvah and Just Herbs",Fit Tuber,2018-06-01,Howto & Style,Howto & Style,True,7163,0.0,full_youtube_video
tbT8N23qczw,ABS WORKOUT - Workout at Home | Episode 7 - UPPER ABS | 5 min workout,5-Minute Upper-Abs Home Workout,Fit Tuber,2016-12-23,Howto & Style,Howto & Style,True,344,0.0,full_youtube_video
uIC5GngsSUE,White Potato vs. Sweet Potato,"White Potato vs Sweet Potato: Fiber, Protein, Vitamins, Minerals, Calories, Carbs and Glycemic Index",Fit Tuber,2016-10-18,Howto & Style,Howto & Style,True,2671,0.0,full_youtube_video
ucOmGiNg1kg,7 Refreshing Drinks to Make Under 30 Seconds (Healthy & Tasty),"7 Fast Summer Drinks: Sattu Sherbet, Gond Katira Lemonade, Cucumber Cooler, Kacchi Lassi, Watermelon-Mint Cooler, Jaljee",Fit Tuber,2019-06-21,Howto & Style,Howto & Style,True,6786,0.0,full_youtube_video
up1fvFIecWw,"Drink this Tea for a Month, the Result Will Amaze You","How the Video Suggests Making Tea: Avoid Overboiling, Limit Sugar, Add Spices and Mind Caffeine Timing",Fit Tuber,2024-12-13,Howto & Style,Howto & Style,True,15897,0.0,full_youtube_video
urzOFEAZ-2M,Which is the Best Face Moisturiser in India? (in 2024),"Best Moisturizers in India (2024) for Dry, Oily, Combination and Sensitive Skin",Fit Tuber,2024-12-27,Howto & Style,Howto & Style,True,14866,0.0,full_youtube_video
utoB7wXrmHY,"How to Nourish and Relax the Eyes? (Best Eye Drops, Top 3 Foods & Practices)","How to Relax and Nourish the Eyes: Eye Drops, Screen-Strain Practices and Foods",Fit Tuber,2021-05-28,Howto & Style,Howto & Style,True,5838,0.0,full_youtube_video
vNNLOx-TjH0,“Robert vs Rhaegar”#RobertBaratheon #RhaegarTargaryen #GameOfThrones #Westeros #Shorts,Robert Baratheon vs Rhaegar Targaryen: Their Battlefield Confrontation,Black Raven | Westeros,2026-05-18,Film & Animation,Film & Animation,True,376,0.0,full_youtube_video
vSVeEsjkito,5 Early Warning Signs of Liver Damage,"Possible Liver Warning Signs: Jaundice, Dark Urine, Pale Stool, Right-Upper-Abdominal Pain and Fluid Retention",Fit Tuber,2024-04-19,Howto & Style,Howto & Style,True,12047,0.0,full_youtube_video
vTYuNp7wq10,5 Products at Your Home That You Should Stop Using Immediately ( With Safe Alternatives),5 Household Products to Reconsider — With Safer-Use or Alternative Options,Fit Tuber,2021-06-11,Howto & Style,Howto & Style,True,10728,0.0,full_youtube_video
vb9tlrQl5GM,5 Natural Supplements That Actually Work! (Not Sponsored),"5 Ayurvedic Supplements for Strength, Hair, Mind, Women's Health and Body Pain",Fit Tuber,2022-01-14,Howto & Style,Howto & Style,True,7985,0.0,full_youtube_video
vbKz95gdWiA,Rhaegar Targaryen: The Last Dragon | Animated Fan Film,Rhaegar Targaryen: The Last Dragon | Animated Fan Film,Black Raven | Westeros,2026-04-01,Film & Animation,Film & Animation,False,0,0.0,full_youtube_video
vmnns9LDyHU,High Protein Vegetarian Bodybuilding Meal - Indian Style,High-Protein Vegetarian Bodybuilding Meal — Indian Style,Fit Tuber,2016-12-06,Howto & Style,Howto & Style,False,0,0.0,full_youtube_video
vqRBCa1Jv4w,5 Natural Toothpastes in India Under Rs 219 that You Must Try (#3 is just Rs 70),5 Natural Toothpastes in India Under ₹219 — Budget Ingredient Review,Fit Tuber,2022-06-17,Howto & Style,Howto & Style,True,10716,0.0,full_youtube_video
vuk3HX4HgwE,Get Over Phone Addiction in 4 Simple Steps (Practical Solution),Get Over Phone Addiction in 4 Simple Steps (Practical Solution),Fit Tuber,2019-08-02,Howto & Style,Howto & Style,False,0,0.0,full_youtube_video
w0kOxvV26cw,11 Reasons Why Indian Food is Logical & Intelligent 🇮🇳,"11 Smart Indian Cooking Traditions: Turmeric-Pepper, Karela Prep, Dal Makhani Spices, Fermentation, Dal-Rice, Khichdi, T",Fit Tuber,2021-06-18,Howto & Style,Howto & Style,True,11643,0.0,full_youtube_video
w1c9JhNYyRA,7 Must Try Products Under Rs 299 That Make Healthy Lifestyle Easier,7 Budget Products Under ₹299 for a Healthier Lifestyle,Fit Tuber,2021-05-14,Howto & Style,Howto & Style,True,5817,0.0,full_youtube_video
wY44LKLysHg,Cure PCOS/PCOD Problem Permanently in 6 Steps,PCOS/PCOD Lifestyle Advice with a Critical Warning: Do Not Stop Prescribed Medication or Expect a Guaranteed Cure,Fit Tuber,2019-05-10,Howto & Style,Howto & Style,True,8322,0.0,full_youtube_video
wbRj49wjtF0,10 Sanitary Pads in India Ranked from Worst to Best,"Menstrual Products Compared: Tampons, Cloth Pads, Biodegradable Pads and Menstrual Cups",Fit Tuber,2020-10-16,Howto & Style,Howto & Style,True,5527,0.0,full_youtube_video
weDmVu1SPuI,9 Common Hygiene Mistakes That You Must Avoid,9 Common Hygiene Mistakes and Better Everyday Practices,Fit Tuber,2022-07-29,Howto & Style,Howto & Style,True,9439,0.0,full_youtube_video
wtVsFfFeYNs,Ultimate Ayurvedic Body Test in 5 Mins (Vata Pitta Kapha Explained),"Ayurvedic Dosha Test: 15 Questions for Vata, Pitta and Kapha with Traditional Diet and Lifestyle Advice",Fit Tuber,2020-05-08,Howto & Style,Howto & Style,True,11282,0.0,full_youtube_video
x3MVEwkIQro,Full day Diet Plan to Cure PCOS/PCOD Permanently,A Full-Day PCOS Diet and Lifestyle Routine Presented from an Ayurvedic Perspective,Fit Tuber,2019-11-29,Howto & Style,Howto & Style,True,10827,0.0,full_youtube_video
x3UzDgOrnd8,Do These 5 Things to Burn Belly Fat,"5 Belly-Fat Habits: Acid with Meals, Vegetables First, 10-Minute Post-Meal Movement, Pair Carbs with Protein/Fat and Pri",Fit Tuber,2024-05-17,Howto & Style,Howto & Style,True,12435,0.0,full_youtube_video
xJNX3sF3fL0,DIY Creative Upcycled Tools to Fix Everything At Home ⚒️,DIY Creative Upcycled Tools for Home Repairs,5-MINUTE REPAIR,2026-08-10,Howto & Style,Howto & Style,True,771,0.0,full_youtube_video
xRppi-Ezowg,"How to Balance Vata Dosha Naturally? (Gas, Bloating, Body Pains, Dry Skin)","Balancing Vata Dosha: Ayurvedic Oil Massage, Diet, Routine, Yoga and Traditional Claims",Fit Tuber,2021-12-03,Howto & Style,Howto & Style,True,8428,0.0,full_youtube_video
xYah1XWcm4s,5 Popular Food Products That Need Your Attention (Revealing),"5 Popular Food Products Reviewed for Ingredients, Marketing and Health Claims",Fit Tuber,2018-09-14,Howto & Style,Howto & Style,True,8648,0.0,full_youtube_video
xfNY-0EItDs,Indian Foods that you thought were healthy but AREN'T,"10 Foods That Can Look Healthier Than They Are: Corn Flakes, Brown Bread, Peanut Butter, Microwave Popcorn, Energy Bars,",Fit Tuber,2017-06-30,Howto & Style,Howto & Style,True,8878,0.0,full_youtube_video
xnu-7K-IikM,5 Products in Your Kitchen You Should Throw Away (With Healthier Alternatives),5 Kitchen Products to Reconsider — With Healthier or Simpler Alternatives,Fit Tuber,2021-01-29,Howto & Style,Howto & Style,True,10143,0.0,full_youtube_video
y0GFbd_uOwI,21 Amazing Daily Hacks that Make Healthy Lifestyle Easy,"21 Practical Daily Health Hacks for Food, Skin, Travel, Home Remedies and Ayurveda",Fit Tuber,2021-03-05,Howto & Style,Howto & Style,True,5858,0.0,full_youtube_video
y4HBGiiZpI4,10 Best Indian Perfumes & Deos (Starting at Rs 299),10 Indian Perfumes and Deodorants Starting at ₹299 — 2026 Consumer Recommendations,Fit Tuber,2026-04-03,Howto & Style,Howto & Style,True,19487,0.0,full_youtube_video
y4QdVllbcyg,5 Reasons You Are Drinking Milk the Wrong Way,5 Reasons You Are Drinking Milk the Wrong Way,Fit Tuber,2018-09-07,Howto & Style,Howto & Style,False,0,0.0,full_youtube_video
yAkBZvGijJQ,20 Deodorants in India Ranked from Worst to Best,20 Deodorants in India Ranked by Ingredients — Historical 2018 Review,Fit Tuber,2018-04-20,Howto & Style,Howto & Style,True,4014,0.0,full_youtube_video
yGItImUNGWs,5 Ways to Boost Your Immunity,5 Ways to Boost Your Immunity,Fit Tuber,2018-08-03,Howto & Style,Howto & Style,False,0,0.0,full_youtube_video
ypkpJRyxgxE,5 Daily Winter Products That You Should Throw Away Immediately (With Healthier Alternatives),5 Winter Products to Reconsider — With Healthier or Lower-Exposure Alternatives,Fit Tuber,2022-11-18,Howto & Style,Howto & Style,True,10279,0.0,full_youtube_video
yu4rbnEk6BU,5 Things You Must Do Every Morning,"5 Morning Habits: Stretch, Drink Water, Wash Eyes, Oil Pull and Choose a First Meal",Fit Tuber,2023-04-07,Howto & Style,Howto & Style,True,9317,0.0,full_youtube_video
z3LlqXNZe2s,"5 Amazing Supplements for Hair (Hair Fall, Dandruff, Grey Hair)","5 Ayurvedic Hair Supplements: Rasayana Churna, Bhringraj Asava, Hair Oils, Anu Taila and Curry Leaves",Fit Tuber,2025-08-22,Howto & Style,Howto & Style,True,16802,0.0,full_youtube_video
zMXQXe03dSI,FREE Google Fitbit Air vs Expensive WHOOP — 7 Days Review ✅,Google Fitbit Air vs WHOOP: 7-Day Fitness Tracker Comparison,Techno Ruhez,2026-08-10,Science & Technology,Science & Technology,True,1252,0.0,full_youtube_video
zT5c4wpZ2lw,Patanjali Products - AYURVEDIC or SCAM? | 5 Patanjali Products EXPOSED!!!,Patanjali Products - AYURVEDIC or SCAM? | 5 Patanjali Products EXPOSED!!!,Fit Tuber,2017-12-08,Howto & Style,Howto & Style,False,0,0.0,full_youtube_video
zalL4B4FxH0,Which is the Best Fat Loss Diet? (Surprising🔥),Popular Fat-Loss Diets Compared: Sustainability Matters More Than the Diet Name,Fit Tuber,2020-07-03,Howto & Style,Howto & Style,True,9502,0.0,full_youtube_video
zeqeWQb9FCY,7 Quick & Healthy Breakfast Ideas for the Week (Vegetarian),"7 Indian Breakfast Recipes: Masala Idli, Sattu Paratha, Paneer Bhurji Sandwich, Red-Rice Poha, Banana-Oat Smoothie, Mill",Fit Tuber,2022-09-09,Howto & Style,Howto & Style,True,10710,0.0,full_youtube_video
zpz4Bek2q3w,15 Protein Sources in India Ranked from Worst to Best,15 Protein Sources in India Ranked from Worst to Best,Fit Tuber,2018-06-15,Howto & Style,Howto & Style,False,0,0.0,full_youtube_video
